individual,species,population,year,predator,bodylength,abdomenlength,seg10width,seg9width,seg8width,seg7width,seg6width,seg5width,seg4width,seg3width,seg2width,seg10length,seg9length,seg8length,seg7length,seg6length,seg5length,seg4length,seg3length,seg2length,ventralarea
1,dubia,storarammossjoen,2012,invertebrate,16.369,9.180,1.423,2.934,4.716,6.276,6.914,6.850,6.286,5.366,4.393,0.154,0.947,1.127,1.190,1.357,1.255,1.101,0.768,0.692,52.242
2,dubia,storarammossjoen,2012,invertebrate,15.367,9.029,1.384,2.950,4.640,6.217,6.715,6.630,6.076,5.094,4.236,0.166,0.985,1.066,1.149,1.301,1.190,1.038,0.789,0.692,49.739
3,dubia,storarammossjoen,2012,invertebrate,16.599,9.458,1.279,2.967,4.614,6.110,6.749,6.721,6.136,5.252,4.327,0.122,0.926,1.034,1.184,1.348,1.293,1.062,0.925,0.830,53.027
4,dubia,storarammossjoen,2012,invertebrate,16.188,8.939,NA,2.930,4.597,6.263,6.913,6.843,6.281,5.298,4.316,NA,0.825,1.053,1.193,1.351,1.228,1.000,0.877,0.789,51.620
5,dubia,storarammossjoen,2012,invertebrate,17.357,9.804,1.423,2.935,4.577,5.976,6.438,6.390,5.952,5.159,4.360,0.192,0.835,1.090,1.295,1.449,1.334,1.192,1.038,0.949,52.576
6,dubia,storarammossjoen,2012,invertebrate,17.999,10.789,1.509,2.918,4.772,6.057,6.608,6.588,6.118,5.284,4.527,0.185,0.960,1.429,1.489,1.428,1.367,1.203,0.938,0.836,59.326
7,dubia,storarammossjoen,2012,invertebrate,16.607,9.790,1.509,3.140,4.947,6.613,7.263,7.140,6.543,5.561,4.579,0.158,1.088,1.106,1.298,1.386,1.333,1.088,0.913,0.719,58.511
8,dubia,storarammossjoen,2012,invertebrate,17.441,9.728,NA,3.024,4.813,6.379,7.057,6.895,6.429,5.402,4.524,NA,0.885,1.216,1.290,1.386,1.310,1.079,0.905,0.846,57.143
9,dubia,storarammossjoen,2012,invertebrate,17.081,9.481,NA,2.828,4.536,5.950,6.490,6.453,6.020,5.140,4.226,NA,0.776,1.052,1.322,1.391,1.299,1.092,0.873,0.839,51.640
10,dubia,storarammossjoen,2012,invertebrate,16.812,9.577,1.485,2.999,4.750,6.345,6.871,6.845,6.265,5.404,4.532,0.167,0.986,1.152,1.291,1.430,1.319,1.055,0.847,0.763,55.196
11,dubia,storarammossjoen,2012,invertebrate,17.926,10.349,1.502,3.062,4.969,6.428,7.024,7.022,6.521,5.573,4.672,0.189,0.750,1.168,1.528,1.584,1.445,1.223,1.042,0.862,60.977
12,dubia,storarammossjoen,2012,invertebrate,18.672,10.605,1.599,3.142,5.141,6.529,7.147,7.091,6.525,5.475,4.545,0.212,1.036,1.146,1.291,1.381,1.345,1.036,0.908,0.854,66.341
13,dubia,storarammossjoen,2012,invertebrate,16.342,9.465,NA,3.044,4.868,6.626,7.255,7.153,6.612,5.594,4.477,NA,0.848,1.057,1.307,1.446,1.383,1.207,0.830,0.805,56.802
14,dubia,storarammossjoen,2012,invertebrate,16.116,9.242,1.375,2.874,4.589,6.107,6.717,6.676,6.187,5.268,4.332,0.152,0.922,1.142,1.179,1.292,1.292,1.049,0.877,0.722,51.518
15,dubia,storarammossjoen,2012,invertebrate,16.572,9.370,1.478,2.808,4.580,5.964,6.536,6.551,6.146,5.267,4.273,0.160,0.808,1.105,1.318,1.438,1.398,1.172,0.905,0.707,51.172
16,dubia,storarammossjoen,2012,invertebrate,17.758,10.202,1.534,2.879,4.553,6.031,6.592,6.518,5.988,5.099,4.232,0.255,0.984,1.104,1.272,1.429,1.388,1.142,1.023,0.863,54.998
17,dubia,storarammossjoen,2012,invertebrate,18.381,10.928,1.550,2.973,4.770,6.353,6.960,6.977,6.450,5.418,4.450,0.193,0.863,1.308,1.482,1.534,1.447,1.228,1.140,0.929,62.521
18,albifrons,barschsee,2013,invertebrate,20.099,11.229,1.556,3.186,5.381,6.917,7.285,7.285,6.821,5.971,4.729,0.215,1.127,1.457,1.613,1.671,1.516,1.205,0.952,0.835,70.316
19,albifrons,barschsee,2013,invertebrate,22.080,13.209,1.624,3.246,5.464,6.967,7.363,7.166,6.593,5.720,4.771,0.317,1.292,1.646,1.709,1.601,1.512,1.383,1.200,0.832,81.967
20,albifrons,barschsee,2013,invertebrate,19.066,11.198,1.512,3.124,5.561,7.249,7.566,7.428,6.921,5.587,4.621,0.236,1.356,1.610,1.612,1.649,1.434,1.200,0.786,0.668,70.305
21,albifrons,barschsee,2013,invertebrate,20.089,11.306,1.667,3.182,5.303,6.818,7.139,6.931,6.344,5.551,4.549,0.189,1.098,1.250,1.459,1.498,1.440,1.269,1.155,0.947,66.878
22,albifrons,barschsee,2013,invertebrate,20.437,12.312,1.581,3.320,5.393,6.816,7.209,6.993,6.505,5.472,4.532,0.255,1.152,1.425,1.640,1.679,1.581,1.367,1.230,0.849,73.575
23,albifrons,barschsee,2013,invertebrate,20.303,12.224,1.396,3.103,4.960,6.315,6.780,6.742,6.257,5.443,4.476,0.427,1.419,1.570,1.608,1.531,1.433,1.375,1.008,0.853,67.832
24,albifrons,barschsee,2013,invertebrate,18.638,10.345,1.461,3.020,4.983,6.465,6.851,6.796,6.196,5.310,4.489,0.231,1.173,1.327,1.462,1.462,1.423,1.173,0.789,0.601,59.880
25,albifrons,barschsee,2013,invertebrate,20.507,12.427,1.481,3.079,5.136,6.502,6.963,6.963,6.426,5.693,4.716,0.369,1.250,1.673,1.692,1.615,1.481,1.369,1.040,0.808,71.668
26,albifrons,barschsee,2013,invertebrate,20.074,12.220,1.457,3.090,5.303,6.780,7.207,7.090,6.605,5.830,4.822,0.350,1.360,1.691,1.651,1.671,1.555,1.245,0.933,0.836,72.550
27,albifrons,barschsee,2013,invertebrate,18.493,10.097,1.412,3.030,4.923,6.346,6.818,6.838,6.183,5.213,4.384,0.211,1.058,1.268,1.445,1.429,1.332,1.119,0.925,0.694,57.496
28,albifrons,barschsee,2013,invertebrate,17.184,10.165,1.594,3.123,5.160,6.551,6.932,6.813,6.262,5.190,4.787,0.311,1.284,1.497,1.569,1.439,1.311,1.093,0.836,0.695,56.951
29,albifrons,barschsee,2013,invertebrate,19.459,11.645,1.609,3.144,5.109,6.583,6.937,6.982,6.429,5.524,4.505,0.473,1.452,1.574,1.539,1.613,1.393,1.256,1.001,0.766,67.035
30,dubia,barschsee,2013,invertebrate,16.260,8.830,1.366,2.813,4.455,5.965,6.534,6.512,6.022,5.117,4.038,0.151,0.925,1.076,1.245,1.208,1.189,0.943,0.736,0.606,48.046
31,dubia,barschsee,2013,invertebrate,17.947,10.888,1.439,2.899,4.664,6.083,6.541,6.472,5.961,5.241,4.320,0.317,1.250,1.382,1.325,1.401,1.344,1.174,0.927,0.757,58.068
32,dubia,barschsee,2013,invertebrate,18.275,11.125,1.600,2.950,4.686,6.247,6.885,6.885,6.382,5.438,4.460,0.239,1.312,1.339,1.408,1.407,1.311,1.214,0.983,0.810,62.967
33,dubia,barschsee,2013,invertebrate,17.632,10.631,1.494,2.852,4.584,5.939,6.521,6.424,5.996,5.219,4.327,0.300,1.319,1.397,1.436,1.397,1.242,1.106,0.834,0.757,56.475
34,dubia,barschsee,2013,invertebrate,18.813,10.647,1.383,2.965,4.785,6.151,6.625,6.564,6.128,5.139,4.289,0.317,1.048,1.325,1.363,1.462,1.345,1.088,1.009,0.949,58.493
35,dubia,barschsee,2013,invertebrate,18.189,11.121,1.274,2.756,4.446,5.909,6.404,6.365,5.795,5.054,4.142,0.304,1.216,1.387,1.406,1.445,1.349,1.254,1.028,0.856,58.226
36,dubia,barschsee,2013,invertebrate,18.518,11.357,1.480,2.809,4.576,5.947,6.484,6.522,5.965,5.096,4.174,0.272,1.250,1.384,1.441,1.384,1.327,1.211,1.115,0.865,59.951
37,dubia,barschsee,2013,invertebrate,18.875,10.994,1.496,2.892,4.746,6.281,6.699,6.580,6.042,5.026,4.010,0.159,1.236,1.276,1.436,1.455,1.436,1.218,1.099,0.898,59.915
38,dubia,barschsee,2013,invertebrate,19.290,11.384,1.453,2.965,4.717,6.052,6.470,6.311,5.795,4.996,4.279,0.279,1.215,1.393,1.552,1.572,1.473,1.305,1.215,0.936,62.524
39,dubia,barschsee,2013,invertebrate,18.561,11.516,1.543,2.970,4.868,6.253,6.669,6.609,6.055,5.086,4.314,0.356,1.248,1.465,1.544,1.447,1.346,1.267,1.208,0.930,63.152
40,dubia,barschsee,2013,invertebrate,17.292,10.224,1.369,2.698,4.453,5.919,6.479,6.496,6.014,5.088,4.242,0.347,1.291,1.330,1.330,1.330,1.195,1.121,0.888,0.791,54.426
41,dubia,barschsee,2013,invertebrate,16.853,10.070,1.383,2.653,4.491,5.779,6.329,6.330,5.742,4.967,4.057,0.360,1.232,1.327,1.402,1.194,1.290,1.099,0.853,0.664,52.050
42,albifrons,barschsee,2012,invertebrate,18.161,10.234,1.452,3.138,5.221,6.871,7.319,7.052,6.486,5.485,4.584,0.167,1.186,1.233,1.367,1.417,1.350,1.200,1.050,0.767,61.691
43,albifrons,barschsee,2012,invertebrate,18.793,10.822,1.585,3.236,5.597,7.437,7.981,7.876,7.147,6.076,4.842,0.127,1.282,1.312,1.382,1.478,1.382,1.272,1.000,0.799,71.213
44,albifrons,barschsee,2012,invertebrate,17.426,10.050,1.391,3.059,5.226,6.735,7.276,7.165,6.468,5.533,4.497,0.146,1.118,1.248,1.355,1.392,1.336,1.172,0.898,0.787,61.623
45,albifrons,barschsee,2012,invertebrate,17.143,10.109,1.540,3.079,5.119,6.679,7.159,6.979,6.339,5.519,4.479,0.180,1.200,1.240,1.380,1.440,1.380,1.160,0.820,0.600,59.806
46,albifrons,barschsee,2012,invertebrate,18.998,11.130,1.509,3.176,5.471,7.197,7.664,7.548,6.919,5.902,4.761,0.157,1.235,1.332,1.548,1.509,1.471,1.274,1.058,0.842,71.774
47,albifrons,barschsee,2012,invertebrate,17.504,10.081,1.540,3.005,5.201,6.704,7.223,7.041,6.380,5.451,4.522,0.125,1.073,1.304,1.513,1.502,1.321,1.125,0.840,0.733,60.284
48,albifrons,barschsee,2012,invertebrate,18.085,9.599,NA,3.100,5.016,6.661,7.128,7.064,6.483,5.516,4.339,NA,1.298,1.332,1.365,1.432,1.282,1.049,0.849,0.666,57.048
49,albifrons,barschsee,2012,invertebrate,17.477,9.877,1.364,3.036,5.220,6.857,7.441,7.352,6.625,5.646,4.590,0.127,1.133,1.227,1.378,1.456,1.474,1.248,0.873,0.756,61.200
50,albifrons,barschsee,2012,invertebrate,18.005,10.626,1.429,3.143,5.197,6.750,7.179,6.982,6.358,5.520,4.591,0.125,1.126,1.232,1.411,1.446,1.429,1.214,1.036,0.679,62.529
51,albifrons,barschsee,2012,invertebrate,18.527,10.609,1.432,3.142,5.285,6.979,7.428,7.326,6.633,5.672,4.591,0.204,1.225,1.388,1.429,1.449,1.326,1.122,0.816,0.673,65.383
52,albifrons,barschsee,2012,invertebrate,18.567,10.857,1.579,3.268,5.374,6.953,7.371,7.244,6.681,5.773,4.740,0.236,1.180,1.344,1.489,1.507,1.380,1.198,0.962,0.690,66.314
53,albifrons,barschsee,2012,invertebrate,16.760,9.798,1.384,3.016,4.999,6.500,6.983,6.784,6.150,5.203,4.271,0.133,1.210,1.317,1.386,1.386,1.369,1.175,0.914,0.755,63.916
54,albifrons,barschsee,2012,invertebrate,18.788,10.949,1.647,3.391,5.394,7.023,7.501,7.369,6.686,5.798,4.687,0.222,1.279,1.263,1.448,1.502,1.445,1.204,1.000,0.779,68.298
55,albifrons,barschsee,2012,invertebrate,18.912,11.241,1.709,3.255,5.618,7.255,7.728,7.546,6.818,5.873,4.727,0.291,1.436,1.418,1.546,1.545,1.418,1.146,0.982,0.709,71.241
56,dubia,barschsee,2012,invertebrate,17.064,10.176,1.409,2.946,5.060,6.787,7.341,7.232,6.601,5.597,4.578,0.167,1.019,1.185,1.259,1.408,1.370,1.093,0.963,0.834,61.520
57,dubia,barschsee,2012,invertebrate,17.322,9.774,1.485,3.000,4.774,6.464,7.087,7.090,6.501,5.500,4.468,0.172,1.071,1.155,1.258,1.275,1.243,1.052,0.948,0.793,57.444
58,dubia,barschsee,2012,invertebrate,16.749,9.529,1.404,2.820,4.476,6.003,6.566,6.564,6.108,5.272,4.327,0.236,1.019,1.128,1.291,1.237,1.236,0.873,0.836,0.764,52.048
59,dubia,barschsee,2012,invertebrate,16.786,9.909,1.482,2.946,4.785,6.357,6.911,6.858,6.358,5.411,4.430,0.232,1.107,1.143,1.321,1.393,1.268,1.018,0.911,0.750,56.044
60,dubia,barschsee,2012,invertebrate,16.921,10.026,1.417,2.887,4.740,6.374,6.972,6.936,6.393,5.446,4.466,0.236,1.017,1.126,1.235,1.380,1.289,1.035,0.908,0.835,57.569
61,dubia,barschsee,2012,invertebrate,16.481,9.451,1.254,2.856,4.580,6.126,6.779,6.689,6.217,5.254,4.290,0.164,0.908,1.036,1.163,1.272,1.236,1.036,0.945,0.800,52.332
62,dubia,barschsee,2012,invertebrate,16.558,9.381,1.418,2.767,4.467,5.833,6.367,6.283,5.884,5.000,4.167,0.217,1.018,1.050,1.217,1.250,1.184,1.050,0.917,0.817,48.891
63,dubia,barschsee,2012,invertebrate,17.461,10.247,1.472,2.963,4.854,6.526,7.199,7.181,6.581,5.563,4.508,0.218,1.038,1.145,1.309,1.364,1.309,1.146,0.909,0.836,60.171
64,dubia,barschsee,2012,invertebrate,17.176,9.965,1.382,2.916,4.682,6.142,6.854,6.884,6.305,5.296,4.349,0.145,1.000,1.092,1.237,1.404,1.292,1.200,0.964,0.837,56.681
65,dubia,barschsee,2012,invertebrate,17.459,10.395,1.399,3.016,4.738,6.405,7.107,7.058,6.403,5.404,4.454,0.196,1.164,1.131,1.278,1.408,1.326,1.163,1.032,0.901,59.708
66,dubia,barschsee,2012,invertebrate,15.715,8.883,1.452,2.863,4.472,5.961,6.392,6.314,5.727,5.020,4.177,0.137,0.981,1.020,1.176,1.255,1.196,0.980,0.843,0.745,47.372
67,albifrons,blaecktaernsjoen,2013,invertebrate,19.103,10.418,1.560,3.041,5.100,6.525,6.967,6.912,6.505,5.580,4.619,0.329,1.213,1.232,1.462,1.578,1.385,1.214,0.908,0.673,61.980
68,albifrons,blaecktaernsjoen,2013,invertebrate,20.696,11.518,1.512,3.341,5.416,6.818,7.243,7.221,6.794,5.999,4.849,0.388,1.188,1.414,1.666,1.627,1.434,1.317,1.007,0.854,71.784
69,albifrons,blaecktaernsjoen,2013,invertebrate,22.031,12.503,1.653,3.383,5.429,6.970,7.396,7.162,6.543,5.628,4.853,0.253,1.226,1.400,1.653,1.615,1.614,1.478,1.186,0.916,76.022
70,albifrons,blaecktaernsjoen,2013,invertebrate,18.691,10.425,1.512,3.096,5.079,6.521,6.981,6.847,6.385,5.481,4.462,0.269,1.251,1.250,1.443,1.424,1.308,1.173,0.885,0.635,60.656
71,albifrons,blaecktaernsjoen,2013,invertebrate,19.870,11.879,1.605,3.100,5.084,6.499,6.860,6.937,6.407,5.499,4.780,0.491,1.550,1.607,1.605,1.607,1.399,1.117,0.965,0.755,68.016
72,albifrons,blaecktaernsjoen,2013,invertebrate,19.739,11.462,1.529,3.238,5.344,6.951,7.481,7.359,6.659,5.724,4.686,0.372,1.475,1.473,1.509,1.549,1.491,1.136,1.041,0.705,70.097
73,albifrons,blaecktaernsjoen,2013,invertebrate,20.150,11.845,1.574,3.270,5.450,6.851,7.175,6.953,6.359,5.537,4.605,0.322,1.541,1.518,1.593,1.688,1.592,1.254,0.949,0.739,70.745
74,albifrons,blaecktaernsjoen,2013,invertebrate,19.658,11.698,1.550,3.197,5.481,7.095,7.549,7.503,6.881,5.925,4.864,0.431,1.416,1.472,1.514,1.567,1.494,1.293,1.041,0.764,73.200
75,albifrons,blaecktaernsjoen,2013,invertebrate,19.417,11.443,1.584,3.233,5.306,6.810,7.221,7.102,6.544,5.571,4.515,0.449,1.484,1.523,1.564,1.542,1.467,1.249,0.880,0.820,67.895
76,albifrons,blaecktaernsjoen,2013,invertebrate,19.164,11.136,1.433,3.078,5.029,6.366,6.805,6.711,6.103,5.318,4.435,0.306,1.358,1.510,1.358,1.472,1.358,1.338,0.936,0.765,63.047
77,albifrons,blaecktaernsjoen,2013,invertebrate,18.561,10.931,1.507,3.167,5.233,6.778,7.319,7.183,6.565,5.600,4.486,0.251,1.371,1.468,1.487,1.487,1.410,1.159,0.889,0.676,66.289
78,albifrons,blaecktaernsjoen,2013,invertebrate,21.271,12.695,1.532,3.200,5.593,7.066,7.459,7.308,6.734,5.755,4.772,0.451,1.412,1.647,1.669,1.710,1.667,1.315,1.080,0.902,78.259
79,albifrons,blaecktaernsjoen,2013,invertebrate,20.174,11.830,1.623,3.148,5.299,6.767,7.136,7.099,6.529,5.630,4.539,0.391,1.468,1.642,1.623,1.583,1.448,1.212,0.880,0.646,69.884
80,albifrons,blaecktaernsjoen,2013,invertebrate,21.379,12.845,1.642,3.340,5.435,6.858,7.176,7.057,6.562,5.554,4.723,0.435,1.524,1.561,1.719,1.700,1.562,1.383,1.226,0.810,76.221
81,albifrons,blaecktaernsjoen,2013,invertebrate,20.490,12.178,1.526,3.247,5.379,6.906,7.296,7.161,6.633,5.749,4.911,0.430,1.408,1.467,1.525,1.623,1.489,1.235,0.998,0.704,72.661
82,albifrons,blaecktaernsjoen,2013,invertebrate,18.812,10.596,1.403,3.202,5.297,6.778,7.272,7.094,6.560,5.434,4.427,0.296,1.503,1.423,1.423,1.463,1.285,1.227,0.803,0.672,63.680
83,albifrons,blaecktaernsjoen,2013,invertebrate,18.088,9.826,1.398,3.056,4.932,6.434,6.811,6.693,6.137,5.362,4.477,0.291,1.376,1.395,1.473,1.492,1.359,1.115,0.972,0.776,64.583
84,albifrons,blaecktaernsjoen,2013,invertebrate,19.177,11.501,1.572,3.220,5.271,6.728,7.111,7.111,6.440,5.578,4.620,0.441,1.438,1.476,1.496,1.572,1.399,1.323,0.959,0.748,67.532
85,albifrons,blaecktaernsjoen,2013,invertebrate,18.247,10.823,1.565,3.073,5.001,6.490,7.005,6.950,6.414,5.574,4.486,0.420,1.393,1.489,1.510,1.470,1.318,1.069,0.783,0.706,62.677
86,albifrons,blaecktaernsjoen,2013,invertebrate,18.984,11.386,1.509,3.113,5.298,6.921,7.366,7.270,6.672,5.646,4.586,0.464,1.527,1.508,1.488,1.604,1.392,1.200,0.872,0.814,68.652
87,albifrons,blaecktaernsjoen,2013,invertebrate,19.232,10.696,1.622,3.204,5.418,7.081,7.536,7.418,6.868,5.921,4.459,0.277,1.324,1.403,1.482,1.542,1.344,1.305,0.751,0.673,67.115
88,albifrons,blaecktaernsjoen,2013,invertebrate,20.610,12.285,1.627,3.292,5.271,6.819,7.132,6.917,6.270,5.349,4.526,0.392,1.470,1.509,1.607,1.609,1.450,1.372,1.078,0.824,72.048
89,albifrons,blaecktaernsjoen,2013,invertebrate,19.134,11.482,1.632,3.188,5.165,6.605,6.970,6.912,6.394,5.568,4.513,0.442,1.440,1.538,1.536,1.555,1.382,1.192,0.980,0.634,66.728
90,albifrons,blaecktaernsjoen,2013,invertebrate,18.501,10.912,1.503,3.103,5.174,6.738,7.281,7.264,6.714,5.621,4.625,0.410,1.386,1.425,1.503,1.523,1.386,1.073,0.859,0.744,65.733
91,albifrons,blaecktaernsjoen,2013,invertebrate,18.567,11.072,1.471,3.196,5.392,7.039,7.530,7.373,6.807,5.730,4.863,0.451,1.433,1.433,1.510,1.569,1.412,1.177,0.843,0.765,69.326
92,albifrons,blaecktaernsjoen,2013,invertebrate,19.284,11.165,1.562,3.114,5.178,6.626,7.014,6.892,6.305,5.372,4.356,0.429,1.365,1.504,1.569,1.618,1.401,1.207,0.778,0.680,65.632
93,dubia,blaecktaernsjoen,2013,invertebrate,16.668,9.701,1.334,2.877,4.554,5.981,6.543,6.405,5.905,4.978,3.993,0.212,1.139,1.235,1.313,1.275,1.274,1.046,0.887,0.735,51.377
94,dubia,blankesmoor,2013,invertebrate,17.359,10.441,1.395,2.708,4.555,5.832,6.389,6.367,5.867,5.024,4.158,0.141,1.212,1.301,1.355,1.290,1.256,1.201,1.045,0.832,57.310
95,dubia,blankesmoor,2013,invertebrate,16.026,9.781,1.335,2.737,4.329,5.609,6.132,6.103,5.685,4.853,4.017,0.116,1.071,1.355,1.389,1.418,1.268,1.119,0.882,0.720,51.547
96,dubia,blankesmoor,2013,invertebrate,19.165,11.278,1.531,2.921,5.143,6.648,7.225,7.242,6.626,5.801,4.852,0.338,1.319,1.423,1.373,1.396,1.365,1.211,0.901,0.744,68.010
97,dubia,blankesmoor,2013,invertebrate,18.510,11.318,1.591,2.681,4.902,6.124,6.661,6.584,6.147,5.397,4.522,0.240,1.235,1.237,1.369,1.312,1.255,1.064,0.836,0.722,60.680
98,dubia,blankesmoor,2013,invertebrate,17.213,10.265,1.446,2.651,4.521,5.823,6.369,6.315,5.929,5.125,4.337,0.326,1.203,1.228,1.328,1.413,1.390,1.175,1.108,0.850,53.572
99,dubia,blankesmoor,2013,invertebrate,16.006,9.234,1.400,2.793,4.752,6.034,6.582,6.481,5.979,5.106,4.122,0.226,1.096,1.169,1.278,1.264,1.177,0.980,0.918,0.724,53.091
100,rubicunda,blankesmoor,2013,invertebrate,18.113,11.086,1.428,2.656,4.644,5.786,6.446,6.483,6.060,5.211,4.294,0.295,1.345,1.403,1.417,1.375,1.327,1.306,1.126,0.933,60.217
101,dubia,blankesmoor,2013,invertebrate,19.114,10.695,1.603,2.767,5.103,6.562,7.207,7.193,6.652,5.840,4.821,0.232,1.305,1.409,1.434,1.395,1.317,1.240,1.023,0.865,67.775
102,dubia,blankesmoor,2013,invertebrate,18.657,10.893,1.521,2.891,4.730,6.684,7.327,7.213,6.756,5.855,4.855,0.335,1.341,1.260,1.395,1.289,1.283,1.159,0.939,0.661,65.124
103,dubia,blankesmoor,2013,invertebrate,15.301,8.841,NA,2.731,4.551,5.660,6.179,6.072,5.668,4.811,3.964,0.181,1.107,1.193,1.197,1.252,1.087,1.020,0.765,0.581,46.814
104,dubia,blankesmoor,2013,invertebrate,15.445,9.280,1.307,2.845,4.643,5.889,6.331,6.319,5.774,4.798,3.978,0.195,1.115,1.173,1.258,1.309,1.210,1.034,0.937,0.743,45.568
105,dubia,blankesmoor,2013,invertebrate,15.876,9.657,1.403,2.707,4.377,5.660,6.144,6.045,5.592,4.779,3.912,0.231,1.256,1.267,1.293,1.267,1.140,0.960,0.925,0.797,51.591
106,dubia,blankesmoor,2013,invertebrate,15.932,8.901,1.477,2.640,4.380,5.668,6.145,6.095,5.575,4.698,3.745,0.233,0.937,1.082,1.100,1.207,1.161,1.019,0.865,0.742,47.786
107,dubia,blankesmoor,2013,invertebrate,15.109,8.771,1.333,2.912,4.881,6.316,6.874,6.828,6.293,5.357,4.319,0.168,1.128,1.244,1.301,1.198,1.146,0.872,0.771,0.609,51.005
108,rubicunda,blankesmoor,2013,invertebrate,18.019,10.327,1.591,2.821,5.064,6.376,7.017,6.989,6.480,5.631,4.726,0.291,1.331,1.347,1.379,1.419,1.219,1.129,0.980,0.929,60.104
109,dubia,blankesmoor,2013,invertebrate,17.452,9.978,1.496,2.665,4.684,5.905,6.543,6.648,6.218,5.487,4.545,0.145,1.233,1.173,1.233,1.189,1.329,1.216,0.990,0.755,59.312
110,dubia,blankesmoor,2013,invertebrate,16.732,9.151,1.172,2.664,4.436,5.767,6.261,6.130,5.712,4.907,4.035,0.155,1.043,1.233,1.400,1.432,1.311,1.190,1.027,0.783,52.015
111,dubia,blankesmoor,2013,invertebrate,15.090,8.620,1.302,2.637,4.202,5.492,5.951,5.877,5.392,4.666,3.816,0.207,0.957,1.072,1.175,1.250,1.072,0.865,0.877,0.659,41.818
112,rubicunda,blankesmoor,2013,invertebrate,17.523,10.267,1.398,2.850,4.787,6.095,6.605,6.532,6.207,5.454,4.669,0.275,1.289,1.325,1.429,1.369,1.245,1.184,0.987,0.859,56.511
113,dubia,blankesmoor,2013,invertebrate,15.669,8.817,1.419,2.622,4.465,5.789,6.256,6.181,5.746,5.030,4.159,0.168,1.155,1.096,1.084,1.309,1.165,1.003,0.698,0.685,44.371
114,dubia,blankesmoor,2013,invertebrate,15.198,9.236,1.409,2.710,4.521,5.741,6.157,5.993,5.530,4.734,3.948,0.195,1.047,1.084,1.166,1.203,1.272,1.054,0.887,0.663,50.844
115,dubia,blankesmoor,2013,invertebrate,16.123,9.498,1.363,2.669,4.685,5.713,6.214,6.179,5.710,4.869,3.975,0.206,1.045,1.195,1.306,1.325,1.139,1.120,0.821,0.709,51.126
116,dubia,blankesmoor,2012,invertebrate,16.888,9.631,NA,2.965,4.807,6.492,7.122,7.052,6.508,5.562,4.527,NA,0.947,1.123,1.193,1.281,1.299,1.158,0.877,0.754,56.909
117,dubia,blankesmoor,2012,invertebrate,15.838,8.925,1.350,2.758,4.376,5.681,6.177,6.043,5.599,4.950,4.217,0.192,1.051,1.143,1.208,1.232,1.170,0.964,0.707,0.628,45.952
118,dubia,blankesmoor,2012,invertebrate,17.125,10.300,1.471,2.935,4.655,6.377,6.995,7.012,6.397,5.457,4.515,0.254,1.089,1.159,1.376,1.359,1.377,1.141,1.015,0.779,59.368
119,dubia,blankesmoor,2012,invertebrate,15.620,8.908,NA,2.945,4.681,6.379,6.932,6.910,6.446,5.446,4.484,NA,0.911,1.019,1.214,1.303,1.267,0.929,0.803,0.714,52.121
120,dubia,blankesmoor,2012,invertebrate,17.410,10.364,1.538,3.059,4.925,6.654,7.211,7.192,6.654,5.731,4.731,0.136,1.097,1.173,1.384,1.365,1.385,1.096,1.038,0.827,62.580
121,dubia,blankesmoor,2012,invertebrate,15.109,8.330,1.334,2.759,4.469,6.040,6.645,6.599,6.091,5.279,4.313,0.135,NA,1.114,1.226,1.321,1.066,0.858,0.714,0.666,46.278
122,dubia,blankesmoor,2012,invertebrate,17.460,10.412,1.505,3.137,5.041,6.212,6.810,6.777,6.246,5.332,4.352,0.327,1.197,1.179,1.379,1.451,1.342,1.052,0.961,0.816,63.144
123,dubia,blankesmoor,2012,invertebrate,16.109,9.300,1.167,2.947,4.635,6.173,6.783,6.691,6.265,5.450,4.486,0.094,0.983,1.130,1.222,1.222,1.204,1.000,0.889,0.759,52.741
124,dubia,blankesmoor,2012,invertebrate,17.656,10.370,1.605,3.041,5.099,6.701,7.274,7.174,6.683,5.716,4.798,0.213,1.179,1.179,1.294,1.326,1.326,1.032,0.983,0.851,61.861
125,dubia,blankesmoor,2012,invertebrate,15.906,9.217,1.333,2.807,4.350,6.034,6.666,6.614,6.125,5.229,4.283,0.141,1.000,1.105,1.263,1.333,1.281,1.054,0.825,0.720,52.499
126,dubia,blankesmoor,2012,invertebrate,17.001,10.121,1.424,2.846,4.769,6.385,6.962,6.962,6.346,5.481,4.446,0.250,1.058,1.116,1.271,1.404,1.327,1.077,0.923,0.808,57.450
127,dubia,blankesmoor,2012,invertebrate,16.801,9.659,1.271,2.935,4.557,6.204,6.731,6.766,6.199,5.357,4.499,0.117,0.938,0.978,1.173,1.310,1.290,1.134,0.938,0.802,54.304
128,rubicunda,blankesmoor,2012,invertebrate,20.327,12.377,1.685,3.018,5.239,6.783,7.461,7.369,6.812,5.921,5.005,0.398,1.476,1.452,1.583,1.473,1.520,1.358,1.146,0.947,81.859
129,rubicunda,blankesmoor,2012,invertebrate,18.561,10.404,1.643,3.143,5.219,6.668,7.295,7.292,6.828,5.878,4.807,0.178,1.213,1.159,1.305,1.305,1.303,1.214,1.001,0.856,63.869
130,rubicunda,blankesmoor,2012,invertebrate,19.858,11.917,1.616,2.954,5.194,6.845,7.513,7.597,7.105,6.155,4.949,0.372,1.356,1.441,1.548,1.570,1.441,1.270,1.054,0.861,75.054
131,rubicunda,blankesmoor,2012,invertebrate,20.419,11.930,1.569,2.854,5.221,6.787,7.392,7.463,6.854,5.989,4.912,0.288,1.380,1.310,1.450,1.520,1.567,1.380,1.146,0.936,73.617
132,rubicunda,blankesmoor,2012,invertebrate,17.810,10.071,NA,2.579,5.017,6.422,7.206,7.243,6.707,5.873,4.859,NA,1.032,1.228,1.300,1.371,1.281,1.103,1.004,0.869,60.661
133,rubicunda,blankesmoor,2012,invertebrate,19.622,12.832,1.651,3.088,5.455,7.225,7.459,7.493,7.106,6.105,5.035,0.400,1.444,1.526,1.491,1.491,1.263,1.212,1.211,1.026,84.354
134,rubicunda,blankesmoor,2012,invertebrate,19.918,11.208,NA,3.104,5.352,6.948,7.566,7.523,7.113,6.197,5.250,NA,1.133,1.186,1.385,1.500,1.437,1.285,1.152,0.967,71.681
135,rubicunda,blankesmoor,2012,invertebrate,19.925,11.536,NA,3.059,5.266,6.751,7.343,7.379,6.898,6.001,5.114,NA,1.222,1.185,1.389,1.481,1.500,1.370,1.166,1.000,71.731
136,rubicunda,blankesmoor,2012,invertebrate,18.658,10.341,NA,2.962,5.348,6.945,7.681,7.714,7.188,6.153,5.187,NA,1.095,1.202,1.413,1.460,1.388,1.211,0.976,0.937,66.582
137,rubicunda,blankesmoor,2012,invertebrate,18.442,10.325,1.434,2.937,5.526,7.154,7.776,7.757,7.223,6.307,5.219,NA,1.061,1.134,1.321,1.416,1.392,1.200,0.948,0.877,67.715
138,rubicunda,blankesmoor,2012,invertebrate,20.195,11.245,1.570,2.943,5.243,6.794,7.507,7.596,7.098,6.099,5.136,0.250,1.320,1.356,1.410,1.409,1.355,1.231,1.054,0.874,71.147
139,rubicunda,blankesmoor,2012,invertebrate,NA,NA,NA,NA,NA,NA,NA,NA,NA,NA,NA,NA,NA,NA,NA,NA,NA,NA,NA,NA,NA
140,rubicunda,blankesmoor,2012,invertebrate,20.386,11.850,1.649,3.022,5.197,6.830,7.565,7.634,7.070,6.177,5.196,0.263,1.369,1.369,1.491,1.544,1.421,1.263,1.140,1.018,74.563
141,rubicunda,blankesmoor,2012,invertebrate,20.164,12.833,1.695,3.130,5.399,7.311,7.633,7.636,7.145,6.290,5.255,0.264,1.297,1.416,1.505,1.646,1.574,1.398,1.206,1.047,71.005
142,rubicunda,blankesmoor,2012,invertebrate,20.493,11.611,1.409,2.858,5.062,6.495,7.006,7.231,6.901,6.192,5.332,0.261,1.281,1.360,1.592,1.643,1.579,1.488,1.277,1.030,76.317
143,rubicunda,blankesmoor,2012,invertebrate,20.825,12.134,1.575,2.971,5.380,7.019,7.668,7.658,7.227,6.105,4.989,0.291,1.241,1.372,1.580,1.577,1.387,1.320,1.209,1.143,76.335
144,rubicunda,gildermeerbergsmoor,2013,invertebrate,19.994,12.049,1.708,2.829,4.997,6.370,6.966,6.947,6.409,5.496,4.916,0.318,1.395,1.414,1.534,1.552,1.433,1.374,1.294,1.135,64.837
145,rubicunda,gildermeerbergsmoor,2013,invertebrate,19.620,12.050,1.690,2.894,5.059,6.191,6.651,6.631,6.247,5.538,4.637,0.402,1.361,1.319,1.375,1.303,1.267,1.302,1.229,0.916,67.447
146,rubicunda,gildermeerbergsmoor,2013,invertebrate,19.432,11.167,1.486,2.762,4.866,6.058,6.447,6.417,6.074,5.249,4.556,0.181,1.041,1.204,1.455,1.549,1.467,1.405,1.141,0.988,62.900
147,rubicunda,gildermeerbergsmoor,2013,invertebrate,19.274,11.264,1.398,2.793,5.038,6.246,6.661,6.548,6.153,5.415,4.453,0.264,1.170,1.208,1.491,1.509,1.474,1.397,1.208,0.925,70.790
148,rubicunda,gildermeerbergsmoor,2013,invertebrate,18.127,10.832,1.374,2.604,4.736,5.844,6.275,6.225,5.860,5.051,4.322,0.232,1.225,1.275,1.342,1.441,1.390,1.308,1.126,0.895,58.732
149,dubia,gildermeerbergsmoor,2013,invertebrate,14.868,8.598,1.373,2.626,4.407,5.709,6.097,6.027,5.506,4.665,3.804,0.115,1.034,1.056,1.217,1.219,1.186,1.035,0.740,0.721,42.781
150,rubicunda,gildermeerbergsmoor,2013,invertebrate,19.899,12.061,1.641,2.781,4.991,6.344,6.859,6.879,6.440,5.683,4.670,0.288,1.448,1.449,1.520,1.448,1.410,1.372,1.297,1.068,70.286
151,rubicunda,gildermeerbergsmoor,2013,invertebrate,18.452,10.438,1.532,2.738,4.865,6.165,6.700,6.700,6.202,5.380,4.213,0.231,1.290,1.244,1.378,1.264,1.264,1.131,1.035,0.996,58.229
152,rubicunda,gildermeerbergsmoor,2013,invertebrate,18.603,11.044,1.449,2.691,4.610,5.927,6.454,6.398,5.946,5.043,4.252,0.264,1.149,1.336,1.299,1.356,1.337,1.337,1.167,0.979,62.597
153,rubicunda,gildermeerbergsmoor,2013,invertebrate,18.093,10.788,1.473,2.608,4.726,6.050,6.575,6.550,5.999,5.238,4.422,0.209,1.273,1.293,1.349,1.424,1.385,1.328,1.082,0.930,65.088
154,rubicunda,gildermeerbergsmoor,2013,invertebrate,17.661,10.713,1.519,2.785,4.967,6.252,6.740,6.699,6.274,5.477,4.583,0.389,1.325,1.402,1.364,1.324,1.246,1.227,0.994,0.877,60.744
155,rubicunda,gildermeerbergsmoor,2013,invertebrate,19.609,11.712,1.610,2.770,4.756,6.002,6.442,6.460,6.038,5.348,4.447,0.326,1.323,1.419,1.438,1.419,1.323,1.381,1.169,0.997,67.900
156,rubicunda,gildermeerbergsmoor,2013,invertebrate,19.473,11.596,1.346,2.673,4.885,6.250,6.750,6.577,6.076,5.153,4.288,0.308,1.289,1.252,1.365,1.500,1.481,1.365,1.211,1.001,62.840
157,rubicunda,gildermeerbergsmoor,2013,invertebrate,18.470,9.970,1.355,2.563,4.607,5.943,6.278,6.215,5.808,5.136,4.585,0.278,1.166,1.225,1.245,1.299,1.226,1.116,1.067,0.918,55.296
158,dubia,gildermeerbergsmoor,2013,invertebrate,15.040,8.768,1.436,2.685,4.478,5.707,6.198,6.142,5.613,4.781,3.874,0.171,0.928,1.134,1.228,1.134,1.134,1.021,0.907,0.661,44.933
159,dubia,gildermeerbergsmoor,2013,invertebrate,15.687,9.320,1.350,2.681,4.474,5.612,6.133,6.018,5.596,4.675,3.845,0.174,1.099,1.215,1.196,1.196,1.177,1.061,0.907,0.792,47.626
160,dubia,gildermeerbergsmoor,2013,invertebrate,16.460,9.468,1.348,2.637,4.316,5.450,5.974,5.954,5.447,4.744,3.963,0.293,1.113,1.132,1.152,1.269,1.172,1.113,0.918,0.742,43.986
161,dubia,gildermeerbergsmoor,2013,invertebrate,17.513,10.435,1.490,2.908,5.017,6.314,6.798,6.632,6.114,5.232,4.357,0.358,1.155,1.413,1.353,1.376,1.313,1.195,0.934,0.815,54.342
162,dubia,gildermeerbergsmoor,2013,invertebrate,15.850,9.048,1.401,2.627,4.591,5.720,6.303,6.226,5.720,4.808,3.934,0.156,0.934,1.226,1.226,1.187,1.167,0.973,0.875,0.739,46.027
163,dubia,gildermeerbergsmoor,2013,invertebrate,15.214,8.755,1.311,2.655,4.320,5.575,6.095,6.079,5.615,4.631,3.766,0.174,0.984,1.061,1.157,1.197,1.120,0.984,0.888,0.753,43.500
164,dubia,gildermeerbergsmoor,2013,invertebrate,16.819,9.571,1.279,2.711,4.474,5.659,6.116,6.004,5.576,4.679,3.882,0.116,0.814,1.144,1.181,1.362,1.279,1.085,1.164,0.796,46.576
165,dubia,gildermeerbergsmoor,2013,invertebrate,15.870,9.165,1.422,2.623,4.468,5.780,6.216,6.113,5.661,4.847,3.975,0.190,1.029,1.197,1.233,1.158,1.159,1.044,0.835,0.763,47.117
166,dubia,gildermeerbergsmoor,2013,invertebrate,14.797,8.826,1.324,2.678,4.284,5.696,6.160,5.964,5.450,4.595,3.748,0.189,0.962,1.120,1.147,1.266,1.160,1.082,0.870,0.740,41.727
167,dubia,gildermeerbergsmoor,2013,invertebrate,14.904,8.571,1.451,2.621,4.239,5.483,5.991,5.897,5.521,4.787,3.977,0.189,0.999,1.055,1.262,1.168,1.168,0.961,0.697,0.678,41.811
168,dubia,gildermeerbergsmoor,2012,invertebrate,NA,NA,NA,NA,NA,NA,NA,NA,NA,NA,NA,NA,NA,NA,NA,NA,NA,NA,NA,NA,NA
169,dubia,gildermeerbergsmoor,2012,invertebrate,16.878,9.398,1.376,2.881,4.702,6.236,6.986,6.842,6.340,5.269,4.447,0.161,0.982,1.054,1.215,1.269,1.197,1.125,0.964,0.786,53.991
170,dubia,gildermeerbergsmoor,2012,invertebrate,17.043,9.952,1.491,2.883,4.709,6.196,6.715,6.598,6.069,5.190,4.273,0.215,1.148,1.237,1.308,1.327,1.221,1.057,0.877,0.716,54.780
171,dubia,gildermeerbergsmoor,2012,invertebrate,16.718,9.849,1.423,2.904,4.634,6.115,6.637,6.521,5.961,5.116,4.288,0.173,1.097,1.173,1.269,1.365,1.307,1.057,0.865,0.808,54.057
172,dubia,gildermeerbergsmoor,2012,invertebrate,16.368,9.380,1.293,2.710,4.440,5.887,6.451,6.438,5.925,5.056,4.162,0.158,0.938,1.019,1.206,1.256,1.193,1.033,0.825,0.828,49.627
173,dubia,gildermeerbergsmoor,2012,invertebrate,17.403,10.168,1.528,2.869,4.521,5.828,6.391,6.247,5.756,4.926,4.199,0.218,1.090,1.216,1.325,1.253,1.253,1.090,0.962,0.799,52.688
174,dubia,gildermeerbergsmoor,2012,invertebrate,16.612,9.561,1.351,2.809,4.651,6.130,6.708,6.795,6.301,5.388,4.388,0.124,0.807,1.070,1.298,1.333,1.316,1.088,0.895,0.754,53.566
175,dubia,gildermeerbergsmoor,2012,invertebrate,16.913,10.080,1.439,2.805,4.559,6.033,6.558,6.455,5.894,4.895,4.105,0.210,1.036,1.159,1.228,1.315,1.298,1.123,0.965,0.877,53.591
176,dubia,gildermeerbergsmoor,2012,invertebrate,17.003,9.542,1.328,2.771,4.443,6.001,6.576,6.445,5.853,4.934,4.081,0.197,0.885,1.082,1.181,1.312,1.295,1.098,0.951,0.852,50.987
177,dubia,gildermeerbergsmoor,2012,invertebrate,17.136,10.034,1.375,2.758,4.506,6.047,6.651,6.592,6.001,5.101,4.206,0.212,0.886,1.164,1.258,1.405,1.339,1.128,1.029,0.833,54.140
178,dubia,gildermeerbergsmoor,2012,invertebrate,16.885,10.011,1.442,2.874,4.592,6.142,6.749,6.746,6.244,5.373,4.353,0.193,0.998,1.099,1.355,1.435,1.325,1.097,0.951,0.805,56.293
179,dubia,gildermeerbergsmoor,2012,invertebrate,16.866,10.022,1.377,2.787,4.618,6.183,6.762,6.750,6.238,5.345,4.491,0.307,1.121,1.233,1.323,1.289,1.266,1.070,0.941,0.849,55.494
180,dubia,gildermeerbergsmoor,2012,invertebrate,16.910,9.880,1.337,2.863,4.475,5.967,6.451,6.314,5.867,5.076,4.259,0.214,0.982,1.108,1.304,1.414,1.361,1.143,0.894,0.839,52.331
181,dubia,gildermeerbergsmoor,2012,invertebrate,16.212,9.255,NA,2.749,4.343,5.741,6.256,6.241,5.777,4.963,4.038,NA,0.940,1.095,1.211,1.293,1.242,1.115,0.860,0.795,48.190
182,dubia,gildermeerbergsmoor,2012,invertebrate,17.529,10.335,1.289,2.923,4.829,6.227,6.754,6.482,5.974,5.065,4.285,0.163,0.853,1.435,1.453,1.434,1.380,1.235,0.963,0.781,57.664
183,dubia,gildermeerbergsmoor,2012,invertebrate,NA,NA,NA,NA,NA,NA,NA,NA,NA,NA,NA,NA,NA,NA,NA,NA,NA,NA,NA,NA,NA
184,dubia,gildermeerbergsmoor,2012,invertebrate,NA,NA,NA,NA,NA,NA,NA,NA,NA,NA,NA,NA,NA,NA,NA,NA,NA,NA,NA,NA,NA
185,dubia,gildermeerbergsmoor,2012,invertebrate,17.333,10.093,1.368,2.822,4.733,6.261,6.857,6.874,6.436,5.379,4.490,0.145,0.968,1.112,1.253,1.402,1.294,1.070,1.015,0.856,57.692
186,dubia,gildermeerbergsmoor,2012,invertebrate,15.898,8.654,1.316,2.744,4.453,5.940,6.497,6.453,5.958,5.134,4.157,0.126,0.856,1.090,1.071,1.216,1.091,0.916,0.851,0.787,46.619
187,dubia,gildermeerbergsmoor,2012,invertebrate,16.222,9.173,1.373,2.638,4.379,5.790,6.349,6.296,5.752,4.908,4.008,0.123,0.879,1.021,1.125,1.283,1.231,1.108,0.879,0.826,47.799
188,dubia,gildermeerbergsmoor,2012,invertebrate,17.185,10.095,1.424,2.966,4.843,6.381,6.874,6.753,6.188,5.263,4.478,0.274,1.120,1.327,1.437,1.386,1.294,1.058,0.871,0.711,56.061
189,dubia,gildermeerbergsmoor,2012,invertebrate,17.131,9.686,1.350,2.825,4.625,6.141,6.703,6.676,6.111,5.138,4.255,0.179,0.993,1.136,1.243,1.316,1.241,1.062,0.882,0.812,53.032
190,dubia,gildermeerbergsmoor,2012,invertebrate,16.031,9.354,1.345,2.911,4.729,6.266,6.944,6.833,6.279,5.228,4.300,0.143,0.999,1.107,1.284,1.320,1.214,1.195,0.893,0.785,53.326
191,dubia,gildermeerbergsmoor,2012,invertebrate,16.597,9.334,1.314,2.669,4.252,5.653,6.193,6.113,5.710,4.822,4.232,0.141,0.866,1.010,1.205,1.293,1.187,1.100,0.975,0.781,47.530
192,dubia,gildermeerbergsmoor,2012,invertebrate,17.710,10.368,1.519,3.000,4.887,6.385,6.960,6.833,6.384,5.407,4.572,0.204,0.945,1.277,1.408,1.426,1.445,1.166,0.944,0.870,59.023
193,dubia,gildermeerbergsmoor,2012,invertebrate,15.960,9.122,1.287,2.772,4.643,6.133,6.730,6.771,6.296,5.307,4.367,0.147,0.704,1.146,1.276,1.379,1.277,1.112,0.818,0.737,51.832
194,dubia,gildermeerbergsmoor,2012,invertebrate,16.135,9.302,1.368,2.779,4.351,5.782,6.303,6.242,5.780,4.922,4.144,0.175,0.845,1.032,1.176,1.239,1.254,1.144,1.017,0.794,48.268
195,dubia,gildermeerbergsmoor,2012,invertebrate,15.517,8.860,1.282,2.565,4.476,5.496,6.143,6.176,5.644,4.777,3.978,0.250,0.882,1.049,1.082,1.116,1.132,0.949,0.899,0.799,44.698
196,dubia,gildermeerbergsmoor,2012,invertebrate,15.708,9.107,1.222,2.749,4.180,5.399,6.004,5.901,5.369,4.570,4.020,0.169,0.932,1.085,1.186,1.272,1.289,1.051,0.780,0.712,44.620
197,dubia,gildermeerbergsmoor,2012,invertebrate,15.285,8.704,1.300,2.613,4.144,5.431,5.877,5.776,5.332,4.573,3.773,0.166,0.892,1.028,1.175,1.218,1.116,0.931,0.865,0.749,42.005
198,dubia,gildermeerbergsmoor,2012,invertebrate,16.791,9.605,1.389,2.725,4.471,6.021,6.574,6.537,5.986,5.095,4.151,0.196,0.998,1.069,1.193,1.283,1.265,1.122,0.926,0.802,51.003
199,dubia,gildermeerbergsmoor,2012,invertebrate,16.407,10.015,1.436,2.970,4.744,6.194,6.725,6.580,6.145,5.163,4.358,0.178,1.032,1.210,1.403,1.451,1.355,1.177,0.936,0.678,55.526
200,dubia,gildermeerbergsmoor,2012,invertebrate,16.457,9.718,1.378,2.873,4.675,6.142,6.749,6.717,6.038,5.049,4.145,0.129,1.001,1.180,1.293,1.291,1.225,1.096,0.967,0.838,53.251
201,dubia,gildermeerbergsmoor,2012,invertebrate,16.175,9.360,1.365,2.746,4.367,5.828,6.486,6.422,5.940,5.057,4.222,0.225,0.819,1.060,1.172,1.300,1.301,1.044,0.867,0.771,49.515
202,dubia,gildermeerbergsmoor,2012,invertebrate,17.509,10.141,1.363,2.786,4.607,6.148,6.702,6.613,6.078,5.178,4.098,0.178,0.958,1.149,1.308,1.251,1.197,1.072,1.036,0.910,55.135
203,dubia,gildermeerbergsmoor,2012,invertebrate,17.350,10.294,1.330,2.799,4.519,5.964,6.537,6.441,6.017,5.135,4.227,0.211,0.984,1.219,1.374,1.482,1.405,1.158,0.909,0.871,56.053
204,dubia,gildermeerbergsmoor,2012,invertebrate,16.217,9.260,1.427,2.889,4.529,6.063,6.669,6.705,6.119,5.208,4.229,0.125,0.838,1.052,1.266,1.303,1.248,1.070,0.856,0.821,51.319
205,dubia,gildermeerbergsmoor,2012,invertebrate,16.687,9.433,1.345,2.777,4.466,5.879,6.413,6.327,5.845,4.897,4.087,0.225,0.931,1.017,1.190,1.310,1.241,1.052,0.948,0.793,49.612
206,dubia,gildermeerbergsmoor,2012,invertebrate,16.522,9.479,1.321,2.928,4.644,6.145,6.627,6.572,6.090,5.231,4.374,0.089,0.839,1.074,1.287,1.393,1.286,1.018,0.982,0.697,51.917
207,dubia,gildermeerbergsmoor,2012,invertebrate,16.925,9.944,1.386,2.875,4.682,6.225,6.804,6.786,6.224,5.225,4.278,0.228,1.035,1.158,1.245,1.315,1.350,1.053,0.947,0.789,55.216
208,rubicunda,gildermeerbergsmoor,2012,invertebrate,19.471,11.344,1.614,3.064,5.286,6.759,7.228,7.251,6.759,6.035,5.123,0.228,1.170,1.333,1.497,1.474,1.544,1.310,0.982,0.865,69.530
209,rubicunda,gildermeerbergsmoor,2012,invertebrate,18.666,10.705,1.528,2.878,4.931,6.457,7.105,7.087,6.631,5.684,4.701,0.229,1.040,1.211,1.266,1.335,1.368,1.210,1.105,0.982,62.154
210,rubicunda,gildermeerbergsmoor,2012,invertebrate,20.235,11.628,1.455,2.913,5.004,6.528,7.124,7.175,6.769,5.927,4.857,0.264,1.105,1.175,1.456,1.456,1.508,1.386,1.175,1.105,70.062
211,rubicunda,gildermeerbergsmoor,2012,invertebrate,21.203,12.721,1.627,2.977,5.152,6.703,7.244,7.285,6.998,6.072,5.125,0.404,1.406,1.531,1.550,1.613,1.526,1.297,1.194,1.045,71.330
212,rubicunda,gildermeerbergsmoor,2012,invertebrate,19.189,11.282,1.518,2.742,4.897,6.397,6.931,6.932,6.417,5.324,4.537,0.207,1.105,1.225,1.466,1.536,1.398,1.190,1.174,1.087,64.007
213,rubicunda,gildermeerbergsmoor,2012,invertebrate,21.027,12.532,1.616,3.080,5.393,6.927,7.509,7.494,7.046,6.131,5.247,0.250,1.252,1.401,1.515,1.583,1.479,1.434,1.266,0.999,78.427
214,rubicunda,gildermeerbergsmoor,2012,invertebrate,19.541,11.378,1.539,2.929,5.077,6.615,7.244,7.245,6.742,5.899,4.900,0.293,1.257,1.344,1.431,1.452,1.474,1.214,1.062,0.932,68.728
215,rubicunda,gildermeerbergsmoor,2012,invertebrate,18.453,10.578,1.617,2.938,5.102,6.537,7.262,7.192,6.672,5.815,4.891,0.230,1.131,1.151,1.305,1.459,1.372,1.160,1.036,0.862,63.064
216,rubicunda,gildermeerbergsmoor,2012,invertebrate,18.275,10.772,1.388,2.797,4.704,5.965,6.503,6.443,6.000,5.217,4.373,0.203,1.059,1.118,1.398,1.438,1.438,1.258,1.119,0.978,54.387
217,rubicunda,gildermeerbergsmoor,2012,invertebrate,20.264,11.665,1.524,3.046,5.333,6.859,7.487,7.486,6.925,6.012,4.940,0.216,1.235,1.319,1.506,1.532,1.610,1.332,1.121,1.027,74.967
218,rubicunda,gildermeerbergsmoor,2012,invertebrate,18.950,10.151,1.434,2.679,4.660,6.000,6.528,6.546,6.169,5.339,4.509,0.246,1.164,1.223,1.361,1.460,1.361,1.241,1.141,0.920,56.704
219,rubicunda,gildermeerbergsmoor,2012,invertebrate,19.716,11.455,1.555,3.016,5.147,6.568,7.221,7.300,6.953,6.052,4.995,0.231,1.135,1.315,1.523,1.618,1.460,1.287,1.018,0.903,69.764
220,rubicunda,gildermeerbergsmoor,2012,invertebrate,18.788,10.718,1.464,2.943,5.006,6.434,7.053,7.003,6.571,5.729,4.682,0.224,1.107,1.324,1.523,1.469,1.396,1.251,1.179,1.052,62.508
221,albifrons,nehmitzsee,2013,vertebrate,19.303,11.537,1.532,3.244,5.587,7.223,7.771,7.633,6.894,5.692,4.639,0.373,1.556,1.636,1.518,1.540,1.414,1.159,0.944,0.630,72.982
222,albifrons,nehmitzsee,2013,vertebrate,18.744,11.165,1.414,3.068,5.361,6.992,7.540,7.486,6.918,5.880,4.799,0.255,1.394,1.471,1.489,1.396,1.370,1.256,0.822,0.764,69.366
223,albifrons,nehmitzsee,2013,vertebrate,17.532,10.577,1.434,3.139,5.269,6.915,7.284,7.150,6.548,5.542,4.417,0.272,1.435,1.511,1.492,1.569,1.328,1.183,0.756,0.620,64.266
224,albifrons,nehmitzsee,2013,vertebrate,18.984,11.518,1.455,3.271,5.615,7.370,7.888,7.733,7.138,6.111,4.836,0.369,1.476,1.573,1.611,1.649,1.436,1.223,0.893,0.699,75.606
225,albifrons,nehmitzsee,2013,vertebrate,19.054,11.099,1.542,3.070,5.196,6.877,7.346,7.247,6.605,5.742,4.634,0.273,1.408,1.562,1.504,1.444,1.329,1.153,0.839,0.722,67.321
226,albifrons,nehmitzsee,2013,vertebrate,19.273,11.578,1.542,3.245,5.530,7.132,7.721,7.623,6.768,5.675,4.656,0.414,1.583,1.620,1.522,1.580,1.386,1.152,0.919,0.724,72.456
227,albifrons,nehmitzsee,2013,vertebrate,19.042,11.294,1.408,3.057,5.441,7.012,7.605,7.569,7.032,6.001,4.858,0.336,1.491,1.527,1.527,1.472,1.329,1.215,0.832,0.813,70.705
228,albifrons,nehmitzsee,2013,vertebrate,17.658,10.590,1.460,3.114,5.308,6.909,7.246,7.194,6.587,5.592,4.586,0.245,1.434,1.511,1.563,1.576,1.254,1.240,0.737,0.640,63.782
229,albifrons,nehmitzsee,2013,vertebrate,18.817,11.525,1.476,3.187,5.510,7.312,7.774,7.656,7.028,6.017,4.779,0.342,1.569,1.536,1.592,1.631,1.480,1.248,0.923,0.671,73.442
230,albifrons,nehmitzsee,2013,vertebrate,18.890,11.013,1.552,3.050,5.187,6.838,7.346,7.186,6.624,5.631,4.583,0.292,1.379,1.555,1.515,1.533,1.300,1.107,0.816,0.718,65.501
231,albifrons,nehmitzsee,2013,vertebrate,19.488,11.704,1.525,3.247,5.582,7.186,7.799,7.667,6.854,5.710,4.679,0.376,1.601,1.621,1.544,1.545,1.366,1.127,0.969,0.677,73.955
232,albifrons,nehmitzsee,2013,vertebrate,18.694,11.086,1.349,3.070,5.353,6.959,7.504,7.470,6.926,5.868,4.713,0.355,1.388,1.482,1.481,1.467,1.411,1.249,0.799,0.762,68.464
233,albifrons,nehmitzsee,2013,vertebrate,17.436,10.450,1.461,3.016,5.225,6.838,7.185,7.089,6.512,5.532,4.496,0.250,1.460,1.441,1.498,1.556,1.249,1.135,0.884,0.616,62.594
234,albifrons,nehmitzsee,2013,vertebrate,18.918,11.545,1.428,3.189,5.507,7.321,7.825,7.724,7.072,6.053,4.766,0.387,1.446,1.621,1.659,1.621,1.448,1.315,0.907,0.695,74.322
235,albifrons,nehmitzsee,2013,vertebrate,18.802,10.909,1.563,3.031,5.115,6.795,7.257,7.161,6.546,5.637,4.519,0.271,1.392,1.548,1.544,1.469,1.295,1.139,0.833,0.694,65.073
236,pectoralis,gro§esmoor1,2013,invertebrate,22.181,12.165,1.840,3.334,6.012,7.599,8.110,7.937,7.347,6.368,5.253,0.196,1.449,1.469,1.547,1.665,1.509,1.351,1.214,1.041,82.422
237,pectoralis,gro§esmoor1,2013,invertebrate,20.562,12.438,1.745,3.072,5.493,6.956,7.570,7.517,7.001,5.923,5.053,0.315,1.498,1.401,1.480,1.520,1.483,1.386,1.384,1.108,75.170
238,rubicunda,gro§esmoor1,2013,invertebrate,20.405,12.304,1.570,3.005,4.948,6.152,6.519,6.443,6.138,5.457,4.645,0.323,1.377,1.471,1.584,1.603,1.473,1.395,1.301,1.059,67.031
239,dubia,gro§esmoor1,2013,invertebrate,15.946,9.216,1.489,2.738,4.692,6.053,6.687,6.630,6.203,5.309,4.234,0.205,1.172,1.153,1.228,1.284,1.228,1.005,0.837,0.708,51.174
240,dubia,gro§esmoor1,2013,invertebrate,16.650,9.620,1.593,2.897,4.902,6.342,7.023,6.923,6.459,5.545,4.437,0.175,1.166,1.224,1.282,1.322,1.263,1.030,0.836,0.777,55.977
241,dubia,gro§esmoor1,2013,invertebrate,17.916,9.992,1.387,2.605,4.590,5.987,6.519,6.545,6.125,5.311,4.379,0.190,1.098,1.212,1.212,1.194,1.158,1.119,1.023,0.834,54.264
242,rubicunda,gro§esmoor1,2013,invertebrate,20.255,12.460,1.620,2.781,5.271,6.853,7.429,7.407,6.886,6.036,5.033,0.271,1.037,1.257,1.332,1.386,1.349,1.367,1.127,0.961,76.446
243,dubia,gro§esmoor1,2012,invertebrate,16.648,9.722,1.231,2.944,4.829,6.434,7.075,6.961,6.452,5.395,4.358,NA,0.944,1.308,1.270,1.366,1.327,1.057,0.884,0.769,57.248
244,dubia,gro§esmoor1,2012,invertebrate,17.597,10.283,1.450,3.019,4.850,6.538,7.181,7.109,6.610,5.564,4.543,0.160,1.094,1.236,1.403,1.355,1.355,1.022,0.975,0.808,61.328
245,pectoralis,gro§esmoor1,2012,invertebrate,19.498,11.405,1.509,2.980,5.404,7.057,7.673,7.634,7.097,6.215,5.102,0.328,1.269,1.384,1.577,1.654,1.596,1.346,1.154,0.923,80.353
246,pectoralis,gro§esmoor1,2012,invertebrate,19.970,11.311,1.725,3.176,5.489,7.144,7.794,7.752,7.296,6.384,5.236,0.242,1.342,1.421,1.566,1.613,1.484,1.180,1.067,0.856,78.327
247,pectoralis,gro§esmoor1,2012,invertebrate,20.958,12.364,1.716,3.214,5.794,7.548,8.236,8.206,7.716,6.630,5.436,0.163,1.492,1.510,1.690,1.730,1.617,1.380,1.312,0.871,86.490
248,pectoralis,gro§esmoor1,2012,invertebrate,20.597,11.826,NA,3.278,5.853,7.518,8.201,8.144,7.646,6.560,5.364,NA,1.500,1.439,1.525,1.689,1.526,1.233,1.127,0.939,76.885
249,pectoralis,gro§esmoor1,2012,invertebrate,19.549,11.710,1.603,2.993,5.510,7.208,7.856,7.852,7.187,6.227,5.111,0.279,1.311,1.358,1.506,1.600,1.551,1.321,1.112,0.898,76.171
250,pectoralis,gro§esmoor1,2012,invertebrate,19.865,11.394,1.468,3.133,5.489,7.221,7.866,7.843,7.422,6.399,5.377,0.194,1.111,1.363,1.691,1.733,1.651,1.267,1.065,0.889,78.781
251,pectoralis,gro§esmoor1,2012,invertebrate,21.295,12.490,1.754,3.091,5.412,7.024,7.586,7.639,7.231,6.229,5.233,0.283,1.300,1.440,1.579,1.719,1.579,1.403,1.246,0.965,79.611
252,pectoralis,gro§esmoor1,2012,invertebrate,20.109,12.107,1.694,3.122,5.494,7.237,7.904,7.929,7.255,6.285,5.153,0.340,1.358,1.438,1.648,1.607,1.529,1.321,1.211,0.871,79.258
253,rubicunda,gro§esmoor1,2012,invertebrate,20.499,11.895,1.496,3.041,5.086,6.642,7.378,7.463,7.050,6.231,5.054,0.349,1.190,1.394,1.538,1.516,1.353,1.312,1.255,1.046,83.673
254,rubicunda,gro§esmoor1,2012,invertebrate,19.786,12.096,1.596,3.041,5.106,6.720,7.508,7.546,6.951,5.951,4.928,0.251,1.137,1.273,1.506,1.595,1.562,1.351,1.234,0.966,75.142
255,rubicunda,gro§esmoor1,2012,invertebrate,20.213,12.192,1.681,3.019,5.159,6.908,7.586,7.678,7.213,6.376,5.339,0.196,1.163,1.238,1.485,1.643,1.523,1.463,1.356,1.107,78.115
256,rubicunda,gro§esmoor1,2012,invertebrate,20.134,11.995,1.590,3.068,5.280,6.867,7.535,7.569,7.059,6.057,5.072,0.286,1.225,1.400,1.477,1.524,1.429,1.349,1.318,1.111,75.195
257,rubicunda,gro§esmoor1,2012,invertebrate,19.921,11.423,1.660,2.939,4.886,6.470,6.995,7.089,6.565,5.743,4.805,0.246,1.201,1.247,1.393,1.475,1.427,1.300,1.361,0.918,66.211
258,rubicunda,gro§esmoor1,2012,invertebrate,19.868,11.127,1.490,2.873,4.923,6.430,6.903,6.728,6.079,5.221,4.433,0.298,1.086,1.226,1.402,1.349,1.420,1.472,1.298,1.086,64.377
259,pectoralis,gro§esmoor1,2013,invertebrate,21.545,11.952,1.803,3.252,5.772,7.389,7.859,7.673,7.129,6.151,4.999,0.226,1.392,1.375,1.502,1.540,1.466,1.296,1.164,1.014,78.564
260,pectoralis,gro§esmoor1,2013,invertebrate,20.189,12.155,1.693,2.939,5.357,6.806,7.457,7.391,6.851,5.730,4.805,0.338,1.433,1.377,1.434,1.475,1.435,1.375,1.321,1.079,72.775
261,pectoralis,gro§esmoor1,2012,invertebrate,20.768,12.094,1.519,2.980,5.424,7.019,7.674,7.653,7.153,6.255,5.121,0.346,1.288,1.366,1.596,1.654,1.577,1.384,1.097,0.961,78.082
262,pectoralis,gro§esmoor1,2012,invertebrate,19.534,11.311,1.739,3.173,5.495,7.137,7.769,7.744,7.263,6.396,5.266,0.239,1.354,1.474,1.533,1.616,1.501,1.194,1.020,0.797,76.307
263,pectoralis,gro§esmoor1,2012,invertebrate,20.907,12.367,1.695,3.207,5.800,7.537,8.224,8.189,7.698,6.618,5.444,0.157,1.493,1.527,1.702,1.721,1.612,1.359,1.214,0.889,85.142
264,pectoralis,gro§esmoor1,2012,invertebrate,19.372,11.502,1.649,2.920,5.397,7.116,7.792,7.758,7.118,6.136,5.086,0.241,1.271,1.320,1.467,1.529,1.544,1.334,1.077,0.883,73.790
265,pectoralis,gro§esmoor1,2012,invertebrate,19.544,11.144,1.559,3.099,5.426,7.148,7.787,7.771,7.279,6.230,5.262,0.178,1.033,1.279,1.656,1.738,1.640,1.246,1.049,0.836,74.992
266,pectoralis,gro§esmoor1,2012,invertebrate,21.297,12.438,1.754,3.090,5.448,7.045,7.639,7.639,7.234,6.248,5.248,0.299,1.263,1.474,1.614,1.666,1.614,1.438,1.246,0.965,79.026
267,pectoralis,gro§esmoor1,2012,invertebrate,20.422,12.288,1.776,3.139,5.683,7.372,8.083,8.128,7.452,6.427,5.310,0.327,1.371,1.444,1.662,1.660,1.542,1.369,1.216,0.887,81.433
268,pectoralis,gro§esmoor2,2013,invertebrate,21.553,12.086,1.666,2.974,5.514,7.334,7.997,7.846,7.261,6.027,5.257,0.230,1.307,1.268,1.515,1.553,1.478,1.345,1.194,1.117,78.843
269,rubicunda,gro§esmoor2,2013,invertebrate,19.446,11.801,1.557,2.935,5.179,6.660,7.326,7.288,6.757,5.848,4.883,0.236,1.378,1.264,1.457,1.477,1.418,1.437,1.222,0.965,71.643
270,pectoralis,gro§esmoor2,2013,invertebrate,22.405,12.513,1.855,3.241,5.851,7.235,7.799,7.826,7.214,6.040,5.009,0.352,1.496,1.410,1.525,1.571,1.431,1.380,1.179,1.046,80.915
271,rubicunda,gro§esmoor2,2013,invertebrate,19.360,11.321,1.532,2.709,4.849,6.149,6.794,6.792,6.283,5.474,4.630,0.255,1.258,1.314,1.374,1.413,1.471,1.315,1.138,0.981,63.575
272,pectoralis,gro§esmoor2,2013,invertebrate,20.915,13.047,1.696,3.036,5.752,7.288,7.881,7.740,7.181,6.049,4.956,0.288,1.649,1.592,1.710,1.631,1.612,1.343,1.246,1.018,83.179
273,rubicunda,gro§esmoor2,2013,invertebrate,20.912,12.219,1.631,2.973,4.775,7.294,7.807,7.726,7.111,6.001,5.002,0.287,1.278,1.422,1.422,1.481,1.368,1.352,1.118,0.972,83.408
274,rubicunda,gro§esmoor2,2013,invertebrate,20.444,12.058,1.502,2.883,5.266,6.799,7.373,7.372,6.970,5.952,4.877,0.230,1.384,1.402,1.536,1.440,1.459,1.325,1.325,1.075,73.901
275,rubicunda,gro§esmoor2,2013,invertebrate,20.033,11.972,1.641,3.029,5.209,6.887,7.564,7.584,7.060,6.002,5.040,0.271,1.412,1.408,1.465,1.388,1.410,1.388,1.272,1.041,74.636
276,rubicunda,gro§esmoor2,2013,invertebrate,19.338,10.981,1.663,2.769,4.732,6.116,6.560,6.501,6.212,5.272,4.427,0.174,1.173,1.269,1.442,1.442,1.288,1.154,1.096,0.885,60.603
277,rubicunda,gro§esmoor2,2013,invertebrate,18.250,10.685,1.525,2.666,4.723,6.149,6.698,6.638,6.114,5.272,4.481,0.311,1.290,1.299,1.268,1.282,1.265,1.238,1.086,0.878,58.545
278,rubicunda,gro§esmoor2,2013,invertebrate,17.926,10.043,1.441,2.629,4.630,5.930,6.461,6.414,5.960,5.046,4.340,0.241,1.251,1.241,1.257,1.392,1.286,1.171,1.021,0.849,61.877
279,rubicunda,gro§esmoor2,2013,invertebrate,18.390,10.941,1.464,2.620,4.549,5.796,6.258,6.219,5.814,5.063,4.331,0.231,1.138,1.366,1.405,1.405,1.347,1.232,1.059,0.885,56.723
280,rubicunda,gro§esmoor2,2013,invertebrate,18.730,11.121,1.490,2.843,4.909,6.342,6.917,6.858,6.331,5.403,4.463,0.212,1.160,1.373,1.349,1.446,1.407,1.330,1.079,0.945,63.400
281,dubia,gro§esmoor2,2012,invertebrate,18.969,11.261,1.533,3.102,5.055,6.755,7.371,7.307,6.757,5.672,4.703,0.167,1.061,1.183,1.335,1.426,1.380,1.198,1.017,0.833,69.284
282,dubia,gro§esmoor2,2012,invertebrate,16.848,9.779,1.322,2.946,4.759,6.289,6.816,6.724,6.254,5.327,4.365,0.283,1.075,1.132,1.321,1.340,1.302,1.245,0.943,0.737,56.902
283,dubia,gro§esmoor2,2012,invertebrate,17.377,10.322,1.397,3.129,4.805,6.295,6.834,6.802,6.296,5.361,4.472,0.238,1.173,1.285,1.364,1.395,1.269,1.158,0.999,0.793,58.493
284,dubia,gro§esmoor2,2012,invertebrate,18.479,11.486,1.589,2.914,4.777,6.403,7.064,7.013,6.505,5.641,4.642,0.286,1.203,1.169,1.339,1.423,1.441,1.271,1.135,0.966,61.956
285,dubia,gro§esmoor2,2012,invertebrate,18.103,10.605,1.437,2.932,4.644,6.175,6.701,6.632,6.139,5.228,4.302,0.150,1.091,1.170,1.352,1.411,1.411,1.254,1.166,0.978,59.373
286,dubia,gro§esmoor2,2012,invertebrate,16.287,9.289,1.159,3.007,4.905,6.642,7.275,7.152,6.657,5.619,4.404,0.105,0.895,1.158,1.263,1.456,1.281,1.088,0.895,0.772,55.957
287,dubia,gro§esmoor2,2012,invertebrate,17.799,10.514,1.419,3.079,4.983,6.628,7.210,7.146,6.645,5.595,4.675,0.161,1.048,1.226,1.403,1.451,1.451,1.162,1.000,0.774,62.777
288,dubia,gro§esmoor2,2012,invertebrate,16.269,9.524,NA,3.045,4.790,6.459,7.028,6.888,6.411,5.537,4.599,NA,0.920,1.094,1.300,1.460,1.381,1.126,0.793,0.762,56.128
289,pectoralis,gro§esmoor2,2012,invertebrate,20.928,12.907,1.899,3.356,6.019,7.685,8.329,8.196,7.574,6.509,5.448,0.350,1.644,1.555,1.666,1.710,1.577,1.378,1.244,0.845,87.853
290,pectoralis,gro§esmoor2,2012,invertebrate,21.452,12.630,1.456,3.000,5.455,7.052,7.790,7.825,7.195,6.196,5.123,0.334,1.480,1.407,1.652,1.651,1.546,1.390,1.319,1.058,80.613
291,pectoralis,gro§esmoor2,2012,invertebrate,20.455,12.311,1.481,3.005,5.376,7.090,7.767,7.746,7.069,6.095,5.058,0.159,1.271,1.419,1.545,1.588,1.567,1.315,1.165,1.018,80.180
292,pectoralis,gro§esmoor2,2012,invertebrate,20.765,12.389,1.702,3.197,5.865,7.769,8.364,8.240,7.617,6.657,5.523,0.159,1.456,1.516,1.695,1.774,1.577,1.357,1.176,0.877,86.984
293,rubicunda,gro§esmoor2,2012,invertebrate,18.804,11.027,1.625,3.029,5.150,6.829,7.464,7.494,7.018,6.146,5.047,0.257,1.249,1.456,1.489,1.574,1.471,1.147,1.011,0.907,69.671
294,rubicunda,gro§esmoor2,2012,invertebrate,20.421,11.984,1.567,2.945,5.424,7.026,7.818,7.802,7.250,6.217,5.287,0.362,1.360,1.395,1.412,1.481,1.498,1.361,1.033,0.982,77.197
295,rubicunda,gro§esmoor2,2012,invertebrate,19.679,11.097,1.565,3.048,5.241,6.806,7.418,7.387,6.887,5.968,4.936,0.177,1.000,1.226,1.387,1.485,1.403,1.258,1.177,1.000,68.984
296,pectoralis,gro§esmoor2,2013,invertebrate,21.297,12.015,1.553,2.898,5.425,7.186,7.781,7.728,7.209,5.930,4.806,0.206,1.365,1.365,1.496,1.533,1.459,1.309,1.216,1.085,76.325
297,pectoralis,gro§esmoor2,2013,invertebrate,21.968,12.820,1.794,3.206,5.709,7.244,7.801,7.708,7.116,6.082,5.031,0.420,1.603,1.547,1.603,1.546,1.565,1.490,1.260,1.051,83.775
298,pectoralis,gro§esmoor2,2013,invertebrate,20.503,12.754,1.642,2.979,5.623,7.185,7.711,7.481,6.934,5.936,4.899,0.245,1.661,1.489,1.619,1.622,1.606,1.357,1.205,0.961,79.264
299,pectoralis,gro§esmoor2,2012,invertebrate,20.969,12.932,1.889,3.378,6.066,7.688,8.378,8.200,7.601,6.490,5.470,0.417,1.622,1.533,1.667,1.755,1.600,1.422,1.245,0.844,87.265
300,pectoralis,gro§esmoor2,2012,invertebrate,21.404,12.542,1.704,2.998,5.470,7.083,7.787,7.823,7.191,6.145,5.122,0.276,1.477,1.440,1.580,1.633,1.527,1.442,1.338,1.038,80.904
301,pectoralis,gro§esmoor2,2012,invertebrate,20.486,12.294,1.504,3.005,5.355,7.111,7.767,7.767,7.048,6.095,5.080,0.190,1.293,1.440,1.589,1.694,1.608,1.377,1.144,1.016,79.075
302,pectoralis,gro§esmoor2,2012,invertebrate,21.093,12.412,1.699,3.324,6.045,7.765,8.396,8.269,7.717,6.736,5.566,0.163,1.447,1.568,1.706,1.806,1.608,1.381,1.198,0.893,87.260
303,dubia,gro§esmoor3,2013,invertebrate,18.250,10.191,1.509,2.961,4.663,6.305,6.860,6.785,6.325,5.426,4.281,0.191,1.089,1.070,1.242,1.242,1.184,1.070,0.993,0.974,58.030
304,pectoralis,gro§esmoor3,2013,invertebrate,21.496,12.321,1.615,3.094,5.780,7.162,7.745,7.688,7.143,6.072,5.060,0.272,1.402,1.498,1.576,1.537,1.420,1.265,1.208,1.051,79.199
305,dubia,gro§esmoor3,2013,invertebrate,18.588,10.375,1.380,2.810,4.883,6.471,7.111,6.994,6.471,5.405,4.301,0.213,1.149,1.107,1.202,1.279,1.202,1.066,1.007,0.897,60.227
306,dubia,gro§esmoor3,2013,invertebrate,19.072,11.452,1.534,3.048,5.159,6.752,7.230,7.070,6.572,5.477,4.501,0.219,1.235,1.315,1.474,1.494,1.435,1.295,1.096,0.916,68.382
307,dubia,gro§esmoor3,2013,invertebrate,17.740,10.651,1.488,2.922,4.657,6.118,6.584,6.484,5.996,4.982,4.179,0.196,1.094,1.289,1.351,1.387,1.348,1.153,1.035,0.840,57.286
308,dubia,gro§esmoor3,2013,invertebrate,18.214,10.261,1.209,2.910,4.708,6.253,6.880,6.780,6.313,5.336,4.399,0.177,0.995,1.171,1.132,1.209,1.152,1.073,0.976,0.920,56.975
309,dubia,gro§esmoor3,2013,invertebrate,18.450,10.390,1.409,3.113,5.150,6.658,7.206,7.127,6.676,5.656,4.619,0.176,1.174,1.136,1.331,1.350,1.333,1.057,0.959,0.842,62.583
310,dubia,gro§esmoor3,2013,invertebrate,17.848,10.821,1.425,2.946,4.856,6.464,6.939,6.898,6.501,5.402,4.379,0.157,1.296,1.277,1.356,1.317,1.218,1.080,1.100,0.963,61.040
311,rubicunda,gro§esmoor3,2013,invertebrate,20.733,12.131,1.654,2.970,5.259,6.794,7.469,7.491,6.971,6.096,4.979,0.339,1.313,1.454,1.513,1.474,1.374,1.236,1.215,1.095,74.368
312,dubia,gro§esmoor3,2013,invertebrate,17.506,10.612,1.474,2.912,4.776,6.190,6.714,6.676,6.208,5.200,4.210,0.330,1.224,1.165,1.300,1.359,1.339,1.184,1.031,0.776,58.163
313,pectoralis,gro§esmoor3,2013,invertebrate,20.984,12.559,1.735,3.048,5.563,6.992,7.506,7.507,7.050,6.020,5.048,0.418,1.658,1.658,1.677,1.623,1.429,1.239,1.182,1.029,79.103
314,caudalis,kesperbruch,2013,vertebrate,19.613,12.991,1.768,3.241,5.640,7.341,8.127,7.925,7.179,6.012,5.062,0.310,1.492,1.617,1.636,1.598,1.512,1.250,1.049,0.987,81.833
315,caudalis,kesperbruch,2013,vertebrate,19.623,11.378,1.518,3.074,5.853,7.641,8.378,8.183,7.311,5.968,5.110,0.272,1.399,1.480,1.537,1.593,1.496,1.283,0.933,0.778,78.559
316,caudalis,kesperbruch,2013,vertebrate,20.058,11.483,1.717,3.264,6.084,7.821,8.487,8.348,7.333,5.940,4.800,0.232,1.465,1.408,1.543,1.565,1.469,1.192,1.007,0.850,79.217
317,caudalis,kesperbruch,2013,vertebrate,20.358,11.854,1.552,3.162,5.937,7.954,8.770,8.556,7.508,6.095,4.734,0.292,1.418,1.436,1.572,1.514,1.475,1.262,0.854,0.970,83.458
318,caudalis,kesperbruch,2013,vertebrate,21.086,11.649,1.599,2.995,5.705,7.706,8.491,8.282,7.361,5.977,4.869,0.278,1.427,1.547,1.566,1.548,1.552,1.172,0.894,0.793,85.017
319,dubia,nydalasjoen,2012,vertebrate,17.217,10.465,1.481,2.904,4.692,6.115,6.615,6.577,6.135,5.174,4.270,0.231,1.039,1.192,1.365,1.404,1.250,1.097,1.019,0.962,56.191
320,dubia,nydalasjoen,2012,vertebrate,16.364,9.535,1.335,2.710,4.440,5.838,6.354,6.228,5.764,4.892,4.100,0.146,0.956,1.123,1.248,1.331,1.185,1.060,0.833,0.750,49.636
321,dubia,nydalasjoen,2012,vertebrate,15.217,8.649,NA,2.941,4.710,6.264,6.808,6.660,6.115,5.285,4.385,NA,0.857,1.061,1.143,1.279,1.225,0.966,0.789,0.599,49.224
322,dubia,nydalasjoen,2012,vertebrate,16.030,8.951,1.443,2.808,4.481,5.962,6.500,6.424,5.885,4.983,4.078,0.270,1.231,1.269,1.173,1.213,1.100,0.865,0.712,0.673,46.891
323,dubia,nydalasjoen,2012,vertebrate,16.467,9.517,1.359,3.083,4.902,6.444,6.985,6.879,6.382,5.358,4.437,0.160,0.980,1.139,1.279,1.379,1.299,1.059,0.880,0.820,54.657
324,dubia,nydalasjoen,2012,vertebrate,15.946,9.051,1.334,2.681,4.558,6.016,6.641,6.515,6.002,5.084,4.167,0.167,0.945,1.084,1.167,1.306,1.195,0.987,0.820,0.710,49.296
325,dubia,nydalasjoen,2012,vertebrate,17.146,10.043,1.304,2.983,4.894,6.590,7.196,7.179,6.608,5.554,4.643,0.125,1.000,1.089,1.250,1.375,1.358,1.126,1.036,0.911,60.179
326,dubia,nydalasjoen,2012,vertebrate,17.999,10.970,1.440,3.127,4.990,6.491,7.140,7.123,6.626,5.761,4.744,0.173,0.979,1.246,1.253,1.473,1.358,1.248,1.074,0.882,64.746
327,dubia,nydalasjoen,2012,vertebrate,16.239,9.394,1.405,2.787,4.555,6.150,6.746,6.650,6.113,5.210,4.290,0.192,1.020,1.156,1.194,1.212,1.250,1.038,0.847,0.653,52.001
328,dubia,nydalasjoen,2012,vertebrate,15.947,9.245,1.388,2.821,4.477,5.986,6.574,6.491,5.919,5.020,4.041,0.184,0.796,1.041,1.184,1.307,1.246,1.042,0.939,0.715,49.666
329,dubia,nydalasjoen,2012,vertebrate,17.262,10.483,1.404,2.884,4.672,6.153,6.653,6.576,6.115,5.154,4.268,0.202,1.097,1.269,1.404,1.423,1.250,1.154,1.019,0.904,55.923
330,dubia,nydalasjoen,2012,vertebrate,15.840,9.181,1.324,2.605,4.252,5.632,6.111,6.011,5.707,4.840,3.866,0.130,0.960,1.040,1.241,1.281,1.200,1.040,0.881,0.760,48.019
331,dubia,nydalasjoen,2012,vertebrate,16.038,8.924,1.463,2.826,4.480,5.960,6.538,6.501,5.865,5.019,4.077,0.307,1.231,1.222,1.154,1.135,1.019,0.808,0.692,0.654,47.135
332,dubia,nydalasjoen,2012,vertebrate,16.329,9.410,1.440,3.041,4.817,6.341,6.847,6.789,6.256,5.327,4.378,0.158,1.006,1.124,1.243,1.341,1.262,1.085,0.888,0.750,53.253
333,dubia,lillaramsmossjoen,2012,invertebrate,16.368,9.397,1.433,2.803,4.538,5.971,6.537,6.514,5.998,5.166,4.261,0.151,0.993,1.081,1.219,1.371,1.245,1.031,0.792,0.792,50.587
334,dubia,lillaramsmossjoen,2012,invertebrate,15.941,9.182,1.270,2.791,4.552,6.098,6.714,6.663,6.085,5.192,4.287,0.170,1.031,1.031,1.156,1.194,1.271,1.069,0.905,0.730,50.321
335,dubia,lillaramsmossjoen,2012,invertebrate,16.393,10.012,1.390,2.760,4.377,5.709,6.199,6.225,5.904,5.034,4.137,0.269,0.783,1.333,1.397,1.513,1.320,1.127,0.922,0.794,52.047
336,dubia,lillaramsmossjoen,2012,invertebrate,16.250,9.058,1.194,2.884,4.530,6.018,6.611,6.543,6.012,5.080,4.172,0.167,0.933,1.157,1.224,1.340,1.230,1.000,0.850,0.750,49.841
337,dubia,lillaramsmossjoen,2012,invertebrate,16.748,9.889,1.417,2.881,4.570,6.087,6.675,6.540,6.024,5.147,4.229,0.190,0.914,1.155,1.276,1.379,1.414,1.208,1.017,0.724,54.782
338,dubia,lillaramsmossjoen,2012,invertebrate,17.720,10.635,1.465,3.063,4.829,6.349,6.888,6.815,6.376,5.475,4.595,0.154,0.926,1.156,1.481,1.480,1.443,1.291,1.058,0.905,60.911
339,dubia,lillaramsmossjoen,2012,invertebrate,18.585,10.813,1.546,3.074,4.872,6.485,7.088,7.034,6.517,5.593,4.599,0.267,1.137,1.279,1.420,1.474,1.403,1.190,1.172,0.941,63.313
340,dubia,lillaramsmossjoen,2012,invertebrate,15.673,8.750,NA,2.855,4.531,6.015,6.594,6.622,6.042,5.171,4.203,NA,0.887,1.069,1.157,1.272,1.233,1.058,0.780,0.654,48.126
341,dubia,lillaramsmossjoen,2012,invertebrate,16.757,10.205,1.499,3.037,4.786,6.363,6.944,6.893,6.303,5.361,4.402,0.192,1.115,1.256,1.435,1.473,1.372,1.153,0.910,0.730,58.008
342,dubia,lillaramsmossjoen,2012,invertebrate,16.427,9.638,1.375,2.854,4.564,5.964,6.617,6.569,6.045,5.193,4.297,0.163,NA,1.143,1.280,1.471,1.415,1.172,0.885,0.737,51.815
343,dubia,lillaramsmossjoen,2012,invertebrate,16.163,9.309,1.321,2.733,4.413,5.906,6.520,6.415,5.828,4.936,4.094,0.181,0.973,1.066,1.173,1.266,1.240,1.027,0.921,0.827,49.435
344,dubia,lillaramsmossjoen,2012,invertebrate,17.124,10.071,1.405,3.070,4.860,6.439,7.071,7.018,6.474,5.509,4.581,0.123,0.720,1.088,1.474,1.491,1.474,1.193,1.018,0.737,58.721
345,pectoralis,metzelthinsee ,2012,vertebrate,23.059,13.765,1.843,3.314,6.118,8.059,8.726,8.707,8.060,6.942,5.668,0.176,1.608,1.627,1.647,1.745,1.627,1.413,1.236,1.176,97.809
346,pectoralis,metzelthinsee ,2012,vertebrate,22.003,13.003,1.808,3.271,5.795,7.490,8.295,8.392,7.638,6.732,5.636,0.327,1.481,1.462,1.635,1.674,1.654,1.346,1.173,1.135,89.686
347,pectoralis,metzelthinsee ,2012,vertebrate,21.429,14.188,NA,3.320,5.943,7.763,8.460,8.495,7.959,6.747,5.502,NA,1.588,1.588,1.731,1.767,1.463,1.196,1.124,1.024,94.164
348,pectoralis,metzelthinsee ,2012,vertebrate,22.800,14.150,1.840,3.362,6.056,7.825,8.493,8.396,7.641,6.557,5.360,0.325,1.587,1.590,1.632,1.703,1.679,1.473,1.313,1.196,87.598
349,pectoralis,metzelthinsee ,2012,vertebrate,22.440,13.430,1.766,3.274,5.921,7.951,8.621,8.575,7.829,6.713,5.612,0.313,1.410,1.505,1.606,1.787,1.746,1.550,1.366,1.165,95.195
350,pectoralis,metzelthinsee ,2012,vertebrate,21.971,12.518,NA,3.328,6.150,8.018,8.566,8.416,7.777,6.780,5.663,NA,1.097,1.513,1.626,1.757,1.739,1.473,1.249,1.023,89.148
351,pectoralis,metzelthinsee ,2012,vertebrate,21.573,13.133,NA,3.226,5.917,7.721,8.384,8.279,7.632,6.557,5.397,NA,1.398,1.590,1.718,1.762,1.590,1.375,1.181,1.023,85.189
352,pectoralis,metzelthinsee ,2012,vertebrate,23.236,13.625,1.867,3.386,6.213,8.185,8.879,8.827,8.160,7.066,5.787,0.213,1.680,1.573,1.733,1.760,1.707,1.466,1.281,1.173,97.402
353,pectoralis,metzelthinsee ,2012,vertebrate,21.750,12.793,1.774,3.117,5.626,7.345,8.159,8.232,7.458,6.568,5.512,0.302,1.472,1.453,1.585,1.642,1.585,1.340,1.189,1.113,87.356
354,pectoralis,metzelthinsee ,2012,vertebrate,22.360,13.405,NA,3.247,5.817,7.615,8.293,8.270,7.709,6.589,5.634,NA,1.519,1.542,1.731,1.705,1.659,1.332,1.192,1.075,88.350
355,pectoralis,metzelthinsee ,2012,vertebrate,23.214,14.387,1.859,3.457,6.295,8.082,8.619,8.470,7.935,6.793,5.529,0.333,1.620,1.619,1.690,1.762,1.763,1.548,1.382,1.162,88.734
356,pectoralis,metzelthinsee ,2012,vertebrate,21.995,13.089,1.630,3.177,5.806,7.843,8.503,8.442,7.687,6.549,5.514,0.270,1.402,1.487,1.685,1.774,1.668,1.520,1.379,1.095,91.608
357,pectoralis,metzelthinsee ,2012,vertebrate,21.582,12.386,NA,3.272,5.944,7.690,8.309,8.110,7.475,6.496,5.460,NA,1.036,1.418,1.492,1.673,1.691,1.418,1.218,1.000,84.223
358,pectoralis,metzelthinsee ,2012,vertebrate,22.108,13.139,NA,3.327,6.127,8.033,8.569,8.655,8.087,7.083,5.799,NA,1.494,1.623,1.740,1.821,1.647,1.494,1.196,0.989,93.988
359,albifrons,proweskesee,2012,vertebrate,19.820,11.269,1.435,3.300,5.750,7.727,8.398,8.146,7.527,6.405,5.173,0.145,1.162,1.507,1.523,1.578,1.433,1.306,1.071,0.907,78.705
360,albifrons,proweskesee,2012,vertebrate,19.410,11.413,NA,3.295,5.705,7.590,8.263,8.115,7.492,6.377,5.230,NA,1.246,1.429,1.525,1.641,1.590,1.312,1.001,0.803,78.694
361,albifrons,proweskesee,2012,vertebrate,20.546,12.370,1.614,3.377,5.908,7.748,8.295,8.223,7.553,6.495,5.269,0.368,1.297,1.402,1.752,1.788,1.631,1.437,1.139,0.929,85.312
362,albifrons,proweskesee,2012,vertebrate,19.604,11.892,1.543,3.388,5.827,7.561,8.124,8.034,7.369,6.348,5.173,0.281,1.333,1.508,1.702,1.648,1.403,1.245,1.000,0.842,80.466
363,albifrons,proweskesee,2012,vertebrate,19.653,11.579,NA,3.430,5.862,7.725,8.428,8.116,7.421,6.274,5.218,NA,1.098,1.548,1.548,1.607,1.588,1.374,1.058,0.804,82.246
364,albifrons,proweskesee,2012,vertebrate,20.652,12.432,1.578,3.108,5.629,7.476,8.085,7.998,7.303,6.217,5.153,0.220,1.261,1.348,1.543,1.587,1.565,1.435,1.152,0.913,86.152
365,albifrons,proweskesee,2012,vertebrate,20.476,12.322,NA,3.280,5.842,7.741,8.381,8.226,7.489,6.356,5.199,NA,1.155,1.542,1.678,1.712,1.683,1.444,1.133,0.867,87.769
366,caudalis,proweskesee,2012,vertebrate,18.415,10.900,1.563,3.036,5.545,7.562,8.453,8.362,7.199,5.763,4.818,0.218,1.291,1.345,1.437,1.418,1.309,1.183,0.873,0.745,71.063
367,caudalis,proweskesee,2012,vertebrate,19.033,11.341,1.500,3.132,5.876,7.895,8.676,8.433,7.452,5.969,4.913,0.205,1.242,1.409,1.524,1.482,1.352,1.223,0.889,0.722,79.499
368,caudalis,proweskesee,2012,vertebrate,19.417,11.725,1.545,3.319,6.241,8.541,9.402,9.210,8.164,6.667,5.538,NA,1.214,1.444,1.679,1.542,1.488,1.305,0.966,0.879,90.555
369,caudalis,proweskesee,2012,vertebrate,20.014,12.125,NA,3.203,6.076,8.348,9.200,9.038,8.001,6.347,5.243,0.218,1.259,1.439,1.640,1.565,1.546,1.291,1.091,0.928,90.827
370,caudalis,proweskesee,2012,vertebrate,19.234,11.374,1.520,3.135,5.923,8.193,9.137,8.962,7.905,6.366,5.212,0.212,1.308,1.423,1.558,1.539,1.366,1.154,0.923,0.923,85.206
371,caudalis,proweskesee,2012,vertebrate,19.134,11.343,1.596,3.043,5.791,7.873,8.781,8.638,7.604,6.101,4.971,0.248,1.362,1.390,1.528,1.532,1.373,1.236,0.964,0.986,80.440
372,caudalis,proweskesee,2012,vertebrate,20.441,12.073,1.569,3.200,6.038,8.311,9.291,9.057,7.954,6.579,5.207,0.196,1.295,1.473,1.676,1.634,1.533,1.281,0.944,0.905,90.254
373,albifrons,proweskesee,2012,vertebrate,19.859,11.258,1.357,3.313,5.756,7.740,8.367,8.153,7.499,6.364,5.182,0.145,1.161,1.427,1.527,1.596,1.427,1.330,1.040,0.847,78.210
374,albifrons,proweskesee,2012,vertebrate,19.681,11.614,NA,3.330,5.772,7.770,8.370,8.281,7.548,6.482,5.328,NA,1.215,1.354,1.510,1.599,1.554,1.333,0.955,0.822,81.080
375,albifrons,proweskesee,2012,vertebrate,20.918,12.569,1.643,3.392,6.007,7.874,8.441,8.343,7.674,6.623,5.384,0.292,1.219,1.511,1.756,1.779,1.658,1.438,1.145,0.877,85.432
376,albifrons,proweskesee,2012,vertebrate,19.603,11.853,1.571,3.345,5.779,7.579,8.141,7.977,7.300,6.315,5.120,0.228,1.262,1.520,1.660,1.590,1.473,1.217,0.983,0.795,79.655
377,albifrons,proweskesee,2012,vertebrate,19.124,11.442,NA,3.444,5.751,7.600,8.272,8.231,7.580,6.391,5.120,NA,1.115,1.538,1.519,1.558,1.539,1.346,1.039,0.808,78.696
378,albifrons,proweskesee,2012,vertebrate,20.338,12.191,1.602,3.333,5.777,7.621,8.243,8.110,7.444,6.424,5.203,0.232,1.244,1.378,1.533,1.578,1.578,1.466,1.133,0.889,82.664
379,albifrons,proweskesee,2012,vertebrate,20.474,12.251,NA,3.460,5.993,7.874,8.483,8.367,7.639,6.486,5.265,NA,1.153,1.514,1.695,1.650,1.628,1.491,1.175,0.882,86.401
380,albifrons,proweskesee,2012,vertebrate,20.046,11.400,1.516,3.380,5.812,7.888,8.397,8.135,7.584,6.488,5.271,0.166,1.183,1.497,1.533,1.644,1.459,1.404,1.072,0.832,81.039
381,albifrons,proweskesee,2012,vertebrate,19.523,11.596,NA,3.309,5.797,7.673,8.374,8.218,7.551,6.463,5.420,NA,1.244,1.444,1.532,1.666,1.555,1.333,0.955,0.822,81.766
382,albifrons,proweskesee,2012,vertebrate,20.294,11.909,1.631,3.216,5.759,7.592,7.971,7.966,7.305,6.221,5.064,0.316,1.197,1.378,1.693,1.628,1.560,1.354,1.084,0.768,80.903
383,albifrons,proweskesee,2012,vertebrate,19.588,11.822,1.568,3.343,5.799,7.598,8.111,8.017,7.364,6.403,5.163,0.234,1.285,1.495,1.705,1.635,1.495,1.238,1.004,0.818,79.532
384,albifrons,saevasjoen,2013,invertebrate,20.521,11.736,1.407,3.179,5.272,6.873,7.100,6.795,6.131,5.328,4.453,0.209,1.277,1.446,1.578,1.579,1.560,1.237,1.046,0.875,68.184
385,albifrons,saevasjoen,2013,invertebrate,21.187,12.740,1.531,3.314,5.628,7.157,7.687,7.569,6.941,5.884,4.942,0.471,1.569,1.588,1.765,1.784,1.550,1.353,1.137,0.824,80.632
386,albifrons,saevasjoen,2013,invertebrate,19.933,11.766,1.586,3.230,5.404,6.990,7.440,7.361,6.696,5.855,4.641,0.196,1.449,1.527,1.586,1.646,1.489,1.295,0.979,0.881,72.506
387,albifrons,saevasjoen,2013,invertebrate,18.945,11.276,1.527,3.187,5.185,6.599,6.903,6.736,6.170,5.379,4.477,0.245,1.359,1.490,1.622,1.588,1.492,1.207,0.924,0.739,65.499
388,albifrons,saevasjoen,2013,invertebrate,20.581,12.056,1.493,3.398,5.696,7.324,7.698,7.521,6.913,5.988,5.086,0.196,1.434,1.532,1.748,1.669,1.591,1.435,1.041,0.767,77.867
389,pectoralis,saevasjoen,2013,invertebrate,20.861,12.867,1.703,3.197,5.819,7.448,8.023,7.927,7.356,6.245,5.307,0.441,1.218,1.473,1.600,1.563,1.454,1.200,0.946,0.820,84.494
390,albifrons,saevasjoen,2013,invertebrate,20.910,12.504,1.640,3.380,5.666,7.166,7.618,7.519,7.010,5.914,4.957,0.468,1.584,1.542,1.661,1.681,1.602,1.348,1.074,0.839,78.685
391,albifrons,saevasjoen,2013,invertebrate,21.942,13.477,1.623,3.267,5.661,7.165,7.562,7.442,6.829,5.818,4.949,0.495,1.425,1.603,1.761,1.682,1.642,1.357,1.168,0.919,83.144
392,albifrons,saevasjoen,2013,invertebrate,22.069,13.285,1.479,3.238,5.252,6.579,6.890,6.791,6.318,5.447,4.835,0.473,1.362,1.598,1.737,1.718,1.598,1.461,1.132,0.810,76.244
393,pectoralis,saevasjoen,2013,invertebrate,22.130,13.505,1.653,3.061,5.579,7.267,7.809,7.769,7.225,6.083,5.172,0.351,1.466,1.705,1.742,1.650,1.595,1.394,1.100,0.898,86.998
394,albifrons,saevasjoen,2013,invertebrate,19.682,11.628,1.472,3.194,5.397,7.024,7.577,7.442,6.886,5.869,4.894,0.420,1.357,1.567,1.586,1.529,1.454,1.247,0.956,0.746,71.758
395,albifrons,saevasjoen,2013,invertebrate,18.539,10.899,1.591,3.158,5.374,6.943,7.362,7.228,6.566,5.608,4.582,0.196,1.269,1.522,1.597,1.578,1.424,1.250,0.906,0.731,67.238
396,albifrons,saevasjoen,2013,invertebrate,20.533,12.173,1.666,3.293,5.592,7.314,7.719,7.622,7.008,6.135,4.995,0.405,1.373,1.565,1.621,1.660,1.564,1.428,0.984,0.849,77.867
397,albifrons,saevasjoen,2013,invertebrate,22.077,12.404,1.610,3.334,5.512,7.001,7.359,7.202,6.808,5.886,4.844,0.361,1.279,1.477,1.657,1.756,1.680,1.417,1.178,0.899,80.909
398,albifrons,saevasjoen,2013,invertebrate,21.608,13.254,1.573,3.324,5.454,6.806,7.184,7.065,6.488,5.552,4.498,0.418,1.134,1.346,1.520,1.655,1.482,1.327,1.077,0.942,77.897
399,albifrons,saevasjoen,2013,invertebrate,21.411,11.736,1.591,3.398,5.621,7.155,7.505,7.233,6.704,5.738,4.970,0.236,1.394,1.257,1.474,1.533,1.492,1.395,1.216,0.845,73.303
400,albifrons,saevasjoen,2013,invertebrate,20.738,12.384,1.657,3.429,5.836,7.511,7.993,7.801,7.165,6.067,4.969,0.462,1.560,1.621,1.733,1.579,1.639,1.259,1.040,0.828,81.812
401,albifrons,saevasjoen,2013,invertebrate,20.520,12.368,1.612,3.264,5.513,7.028,7.447,7.465,7.006,6.034,5.156,0.339,1.493,1.612,1.732,1.712,1.514,1.414,1.035,0.698,77.315
402,albifrons,saevasjoen,2013,invertebrate,20.510,11.915,1.647,3.410,5.788,7.315,7.791,7.652,7.097,6.067,4.898,0.338,1.447,1.586,1.646,1.606,1.528,1.271,0.914,0.714,77.264
403,albifrons,saevasjoen,2013,invertebrate,20.566,12.199,1.678,3.330,5.559,7.152,7.603,7.528,6.874,6.033,4.801,0.393,1.559,1.554,1.596,1.754,1.493,1.319,0.950,0.731,77.214
404,albifrons,saevasjoen,2013,invertebrate,19.964,12.060,1.547,3.220,5.429,7.067,7.525,7.410,6.896,5.848,5.048,0.458,1.505,1.467,1.524,1.600,1.505,1.314,1.105,0.820,74.913
405,albifrons,saevasjoen,2013,invertebrate,19.771,11.906,1.686,3.316,5.603,7.211,7.695,7.485,6.843,5.873,4.846,0.427,1.515,1.425,1.425,1.478,1.371,1.136,0.993,0.703,75.446
406,albifrons,saevasjoen,2013,invertebrate,20.087,11.987,1.700,3.351,5.807,7.510,7.937,7.740,7.116,6.080,4.845,0.254,1.583,1.524,1.699,1.681,1.602,1.313,0.996,0.703,79.224
407,albifrons,saevasjoen,2013,invertebrate,19.247,11.664,1.584,3.322,5.594,7.114,7.534,7.325,6.678,5.667,4.672,0.248,1.525,1.604,1.546,1.544,1.468,1.241,0.934,0.745,72.292
408,albifrons,saevasjoen,2013,invertebrate,20.340,12.290,1.513,3.159,5.221,6.545,6.886,6.865,6.450,5.598,4.633,0.340,1.362,1.551,1.721,1.645,1.551,1.324,1.098,0.908,71.547
409,albifrons,saevasjoen,2013,invertebrate,19.239,11.608,1.560,3.254,5.499,7.174,7.630,7.459,6.850,5.880,4.777,0.381,1.447,1.466,1.504,1.580,1.465,1.237,1.047,0.895,72.634
410,albifrons,saevasjoen,2013,invertebrate,19.051,10.481,1.565,3.053,5.267,6.889,7.252,7.252,6.622,5.688,4.752,0.287,1.393,1.413,1.529,1.395,1.279,1.107,0.823,0.611,65.151
411,caudalis,suckowsee,2013,vertebrate,18.871,11.497,NA,3.084,5.583,7.374,8.099,7.984,7.043,5.786,4.750,NA,1.422,1.480,1.507,1.451,1.369,1.214,1.054,0.955,70.695
412,caudalis,suckowsee,2013,vertebrate,19.652,11.919,1.762,3.077,5.770,7.712,8.507,8.352,7.558,6.009,4.938,0.197,1.506,1.468,1.625,1.484,1.365,1.226,1.032,0.950,80.156
413,caudalis,suckowsee,2013,vertebrate,18.899,11.304,1.392,3.050,5.493,7.400,8.177,8.009,7.053,5.782,4.824,0.152,1.314,1.486,1.445,1.449,1.312,1.217,0.990,0.838,73.899
414,caudalis,suckowsee,2013,vertebrate,18.307,11.042,1.495,3.099,5.462,7.325,8.028,8.160,7.286,5.862,4.822,NA,1.531,1.456,1.497,1.508,1.281,1.106,1.049,0.931,71.749
415,caudalis,suckowsee,2013,vertebrate,19.160,11.430,1.667,3.117,5.627,7.567,8.371,8.234,7.352,5.805,4.725,0.139,1.529,1.451,1.413,1.453,1.294,1.176,1.117,0.944,75.897
416,albifrons,suckowsee,2013,vertebrate,19.975,11.854,1.364,3.307,5.564,7.263,7.821,7.686,7.075,5.995,4.969,0.218,1.367,1.502,1.525,1.541,1.443,1.208,1.107,1.074,75.877
417,caudalis,suckowsee,2012,vertebrate,19.378,11.315,NA,3.026,5.678,7.821,8.607,8.422,7.362,5.927,4.945,NA,1.139,1.416,1.555,1.667,1.444,1.334,1.028,0.833,78.275
418,caudalis,suckowsee,2012,vertebrate,19.867,12.487,1.707,3.190,5.982,8.086,8.927,8.706,7.668,6.222,5.199,0.292,1.383,1.595,1.641,1.565,1.507,1.305,1.007,0.842,93.068
419,caudalis,suckowsee,2012,vertebrate,19.569,12.279,1.403,NA,5.600,7.777,8.612,8.430,7.529,6.163,4.999,0.266,1.384,1.465,1.564,1.616,1.381,1.251,1.089,0.915,82.488
420,caudalis,suckowsee,2012,vertebrate,18.812,10.908,1.464,NA,5.390,7.353,8.074,8.036,7.111,5.777,4.760,0.241,1.130,1.426,1.481,1.426,1.280,1.148,0.926,0.778,72.397
421,caudalis,suckowsee,2012,vertebrate,20.354,12.273,1.608,3.125,5.893,7.937,8.847,8.663,7.679,6.205,4.879,0.281,1.253,1.411,1.555,1.568,1.485,1.188,1.045,0.911,85.886
422,caudalis,suckowsee,2012,vertebrate,18.364,11.208,1.536,2.994,5.777,7.828,8.537,8.343,7.388,6.059,4.917,0.200,1.147,1.348,1.554,1.548,1.424,1.220,0.985,0.763,77.071
423,caudalis,suckowsee,2012,vertebrate,19.892,11.760,1.474,3.298,6.087,8.263,9.121,8.911,7.946,6.438,5.245,0.140,1.105,1.438,1.631,1.649,1.562,1.228,1.070,0.947,88.383
424,caudalis,suckowsee,2012,vertebrate,NA,NA,NA,NA,NA,NA,NA,NA,NA,NA,NA,NA,NA,NA,NA,NA,NA,NA,NA,NA,NA
425,caudalis,suckowsee,2012,vertebrate,NA,NA,NA,NA,NA,NA,NA,NA,NA,NA,NA,NA,NA,NA,NA,NA,NA,NA,NA,NA,NA
426,caudalis,suckowsee,2012,vertebrate,19.543,11.663,1.553,3.038,5.681,7.700,8.539,8.398,7.502,6.037,5.037,0.233,1.412,1.482,1.464,1.608,1.375,1.214,0.946,0.821,79.731
427,caudalis,suckowsee,2012,vertebrate,19.830,11.595,1.643,3.010,5.683,7.768,8.573,8.415,7.504,6.026,5.062,0.214,1.195,1.406,1.445,1.480,1.391,1.176,1.105,0.998,79.777
428,caudalis,suckowsee,2012,vertebrate,19.701,11.506,1.650,3.140,6.030,8.093,9.028,8.835,7.882,6.358,5.237,0.221,1.143,1.423,1.533,1.644,1.466,1.222,0.934,0.912,85.544
429,caudalis,suckowsee,2012,vertebrate,18.752,10.855,1.672,3.078,5.562,7.438,8.188,8.032,7.094,5.860,5.047,0.204,1.144,1.344,1.531,1.453,1.407,1.188,0.984,0.813,72.500
430,caudalis,suckowsee,2012,vertebrate,19.987,11.597,NA,3.283,6.046,8.387,9.365,9.198,8.300,6.833,5.491,NA,1.170,1.362,1.489,1.618,1.489,1.340,1.086,0.872,84.297
431,caudalis,suckowsee,2012,vertebrate,19.062,10.982,1.389,3.241,5.667,7.648,8.574,8.482,7.574,6.148,5.056,0.185,1.308,1.404,1.577,1.577,1.408,1.211,0.962,0.942,76.513
432,caudalis,suckowsee,2012,vertebrate,20.713,12.318,1.620,3.236,6.110,8.388,9.388,9.258,8.169,6.723,5.426,0.148,1.407,1.611,1.629,1.666,1.556,1.296,1.074,0.963,90.030
433,caudalis,suckowsee,2012,vertebrate,21.171,12.779,1.680,3.171,6.255,8.598,9.435,9.230,8.228,6.764,5.557,0.295,1.364,1.449,1.601,1.620,1.550,1.327,1.051,0.895,85.546
434,pectoralis,suckowsee,2012,vertebrate,22.006,12.559,NA,3.206,6.036,7.822,8.608,8.585,7.999,6.972,5.788,NA,1.352,1.426,1.557,1.593,1.687,1.426,1.261,1.130,92.766
435,pectoralis,suckowsee,2012,vertebrate,22.439,12.921,1.640,3.236,6.038,7.885,8.582,8.516,7.749,6.525,5.542,0.214,1.399,1.487,1.618,1.639,1.530,1.423,1.313,1.094,91.666
436,pectoralis,suckowsee,2012,vertebrate,22.211,14.282,1.810,3.300,6.079,7.910,8.609,8.699,8.067,7.005,5.740,0.289,1.466,1.622,1.733,1.800,1.756,1.555,1.356,1.175,93.844
437,pectoralis,suckowsee,2012,vertebrate,21.856,12.354,1.647,3.016,5.890,7.835,8.444,8.482,7.909,6.784,5.588,0.340,1.196,1.502,1.713,1.660,1.624,1.339,1.196,1.071,87.607
438,pectoralis,suckowsee,2012,vertebrate,20.055,11.385,NA,3.137,5.804,7.686,8.432,8.415,7.804,6.767,5.548,NA,1.167,1.354,1.625,1.771,1.667,1.354,1.167,1.000,79.635
439,pectoralis,suckowsee,2012,vertebrate,21.913,12.731,NA,3.248,6.007,7.850,8.482,8.521,7.961,6.979,5.777,NA,1.219,1.459,1.779,1.819,1.679,1.439,1.159,0.999,91.681
440,pectoralis,suckowsee,2012,vertebrate,20.958,12.603,1.751,3.133,5.700,7.383,8.052,8.052,7.502,6.486,5.519,0.233,1.333,1.384,1.583,1.733,1.718,1.467,1.300,1.067,84.274
441,pectoralis,suckowsee,2012,vertebrate,22.178,13.474,1.666,3.165,5.849,7.700,8.476,8.439,7.902,6.958,5.812,0.185,1.297,1.443,1.666,1.814,1.777,1.573,1.295,1.092,93.564
442,pectoralis,suckowsee,2012,vertebrate,22.588,13.547,1.873,3.376,6.192,8.019,8.775,8.697,8.007,6.894,5.701,0.290,1.419,1.419,1.673,1.783,1.800,1.544,1.308,1.145,97.175
443,pectoralis,suckowsee,2012,vertebrate,22.367,13.135,1.822,3.334,5.911,7.689,8.422,8.400,7.690,6.736,5.667,0.283,1.489,1.535,1.711,1.733,1.646,1.357,1.223,1.047,91.356
444,pectoralis,suckowsee,2012,vertebrate,22.992,13.712,1.814,3.300,5.949,7.701,8.373,8.292,7.784,6.784,5.584,0.346,1.500,1.557,1.730,1.672,1.672,1.365,1.172,0.961,94.852
445,pectoralis,suckowsee,2012,vertebrate,21.336,12.547,1.766,3.065,5.870,7.631,8.316,8.215,7.549,6.490,5.509,0.216,1.236,1.412,1.726,1.726,1.631,1.353,1.098,0.941,85.907
446,pectoralis,suckowsee,2012,vertebrate,20.830,12.388,1.795,3.197,5.779,7.593,8.253,8.236,7.531,6.388,5.313,0.241,1.403,1.470,1.585,1.647,1.478,1.384,1.266,0.922,83.500
447,pectoralis,suckowsee,2012,vertebrate,22.997,13.889,1.704,3.156,5.856,7.680,8.328,8.328,7.699,6.752,5.506,NA,1.315,1.508,1.753,1.824,1.631,1.385,1.245,1.192,89.523
448,pectoralis,suckowsee,2012,vertebrate,21.766,12.397,1.687,3.220,5.925,7.698,8.490,8.524,7.938,6.906,5.682,0.258,1.515,1.481,1.636,1.688,1.636,1.328,1.137,0.948,88.145
449,albifrons,suckowsee,2013,vertebrate,19.878,11.872,1.581,3.292,5.541,7.275,7.728,7.595,7.068,5.933,4.871,0.276,1.380,1.437,1.525,1.496,1.379,1.282,1.122,1.045,73.470
450,pectoralis,suckowsee,2012,vertebrate,21.652,12.283,NA,3.230,6.049,7.903,8.609,8.579,8.044,6.895,5.656,NA,1.337,1.334,1.479,1.655,1.603,1.437,1.214,1.091,89.819
451,pectoralis,suckowsee,2012,vertebrate,22.545,13.083,1.668,3.313,6.094,7.964,8.724,8.595,7.833,6.633,5.569,0.214,1.378,1.490,1.644,1.601,1.534,1.379,1.336,1.111,93.300
452,pectoralis,suckowsee,2012,vertebrate,22.497,13.977,1.848,3.267,5.977,7.755,8.488,8.510,7.910,6.910,5.668,0.222,1.467,1.667,1.733,1.756,1.778,1.512,1.333,1.112,94.717
453,pectoralis,suckowsee,2012,vertebrate,22.222,12.558,1.551,3.031,5.988,7.927,8.534,8.563,7.977,6.910,5.654,0.319,1.212,1.455,1.697,1.672,1.648,1.358,1.139,1.018,91.096
454,pectoralis,suckowsee,2012,vertebrate,20.122,11.357,NA,3.058,5.803,7.666,8.454,8.374,7.766,6.727,5.569,NA,1.178,1.355,1.571,1.697,1.529,1.255,1.078,0.941,79.944
455,pectoralis,suckowsee,2012,vertebrate,21.672,12.607,NA,3.204,5.891,7.707,8.356,8.414,7.840,6.891,5.704,NA,1.263,1.460,1.756,1.835,1.697,1.421,1.085,0.987,91.681
456,pectoralis,suckowsee,2012,vertebrate,21.246,12.771,1.808,3.141,5.785,7.528,8.183,8.118,7.597,6.557,5.608,0.250,1.357,1.403,1.627,1.720,1.674,1.447,1.290,1.062,86.994
457,pectoralis,suckowsee,2012,vertebrate,21.698,13.089,1.648,3.004,5.694,7.535,8.286,8.261,7.728,6.759,5.647,0.218,1.284,1.454,1.623,1.793,1.793,1.502,1.284,1.066,90.526
458,pectoralis,suckowsee,2012,vertebrate,22.735,13.583,1.804,3.293,6.278,8.106,8.839,8.840,8.049,6.935,5.851,0.223,1.485,1.483,1.750,1.825,1.777,1.528,1.281,1.158,97.222
459,pectoralis,suckowsee,2012,vertebrate,22.546,13.311,1.876,3.322,5.989,7.819,8.542,8.497,7.775,6.781,5.696,0.249,1.492,1.514,1.695,1.740,1.672,1.424,1.198,0.995,93.290
460,pectoralis,suckowsee,2012,vertebrate,22.674,13.449,1.732,3.114,5.751,7.536,8.146,8.120,7.562,6.575,5.434,0.319,1.571,1.597,1.731,1.731,1.704,1.411,1.145,0.986,90.170
461,pectoralis,suckowsee,2012,vertebrate,21.186,12.205,1.718,3.028,5.722,7.414,8.079,8.026,7.359,6.308,5.323,0.231,1.231,1.461,1.693,1.693,1.590,1.359,1.128,0.923,81.302
462,pectoralis,suckowsee,2012,vertebrate,20.606,12.176,1.740,3.072,5.700,7.447,8.057,8.008,7.341,6.226,5.381,0.227,1.447,1.377,1.517,1.584,1.472,1.380,1.242,0.904,81.330
463,pectoralis,suckowsee,2012,vertebrate,22.705,13.626,1.770,3.272,6.036,7.850,8.553,8.529,7.851,7.007,5.697,NA,1.357,1.551,1.842,1.842,1.673,1.455,1.285,1.185,92.749
464,pectoralis,suckowsee,2012,vertebrate,21.431,12.165,1.693,3.205,5.779,7.540,8.306,8.307,7.764,6.704,5.530,0.252,1.467,1.467,1.603,1.626,1.557,1.332,1.174,0.948,84.819
465,dubia,grundsjoen,2012,vertebrate,16.846,9.764,1.328,2.782,4.600,6.019,6.454,6.401,5.909,5.020,4.109,0.200,0.945,1.091,1.309,1.328,1.273,1.091,0.946,0.892,51.130
466,dubia,grundsjoen,2012,vertebrate,15.618,8.728,1.296,2.767,4.515,5.934,6.549,6.547,5.982,5.218,4.201,0.200,0.927,1.073,1.182,1.218,1.092,0.891,0.727,0.655,47.240
467,dubia,grundsjoen,2012,vertebrate,17.075,10.122,1.413,2.970,4.727,6.120,6.664,6.591,6.012,5.088,4.328,0.254,1.123,1.123,1.395,1.431,1.322,1.123,0.978,0.779,55.275
468,dubia,grundsjoen,2012,vertebrate,15.260,8.584,NA,2.910,4.643,6.215,6.714,6.643,6.018,5.144,4.267,NA,0.876,0.946,1.107,1.143,1.089,0.893,0.714,0.768,46.116
469,dubia,grundsjoen,2012,vertebrate,14.543,8.418,1.273,2.837,4.472,6.126,6.726,6.690,6.072,5.090,4.127,0.127,0.945,1.057,1.170,1.219,1.207,0.944,0.746,0.623,46.498
470,dubia,grundsjoen,2012,vertebrate,NA,NA,NA,NA,NA,NA,NA,NA,NA,NA,NA,NA,NA,NA,NA,NA,NA,NA,NA,NA,NA
471,dubia,grundsjoen,2012,vertebrate,15.093,8.410,NA,2.756,4.595,6.204,6.750,6.668,6.093,5.262,4.224,NA,0.967,1.112,1.133,1.220,1.205,0.885,0.723,0.780,46.560
472,dubia,grundsjoen,2012,vertebrate,16.722,9.767,1.387,2.836,4.630,6.221,6.854,6.793,6.221,5.283,4.405,0.144,0.938,1.081,1.286,1.346,1.325,1.205,0.979,0.754,55.988
473,dubia,grundsjoen,2012,vertebrate,15.034,8.601,NA,2.839,4.530,6.131,6.606,6.587,6.112,5.276,4.293,NA,0.836,1.073,1.165,1.292,1.182,1.019,0.803,0.655,48.208
474,dubia,grundsjoen,2012,vertebrate,15.741,8.875,NA,2.823,4.531,6.153,6.716,6.667,6.154,5.168,4.203,NA,0.873,0.982,1.056,1.129,1.185,1.165,0.964,0.800,49.323
475,dubia,grundsjoen,2012,vertebrate,16.303,9.520,1.403,2.899,4.751,6.325,6.937,6.889,6.329,5.342,4.430,0.152,0.949,1.135,1.205,1.392,1.305,1.068,0.864,0.830,55.258
476,dubia,grundsjoen,2012,vertebrate,15.588,8.979,1.434,2.826,4.499,6.115,6.653,6.691,6.153,5.230,4.307,0.135,1.019,0.962,1.154,1.288,1.211,0.942,0.808,0.788,49.684
477,dubia,grundsjoen,2012,vertebrate,NA,NA,NA,NA,NA,NA,NA,NA,NA,NA,NA,NA,NA,NA,NA,NA,NA,NA,NA,NA,NA
478,dubia,grundsjoen,2012,vertebrate,16.825,9.321,1.352,2.871,4.648,6.296,6.890,6.837,6.411,5.409,4.522,0.113,0.870,1.019,1.057,1.278,1.260,1.075,0.982,0.853,53.716
479,dubia,grundsjoen,2012,vertebrate,16.046,9.215,NA,3.012,4.817,6.525,7.134,7.065,6.578,5.551,4.566,NA,0.791,1.069,1.237,1.361,1.278,0.999,0.861,0.763,53.978
480,dubia,grundsjoen,2012,vertebrate,15.956,9.223,1.322,2.862,4.565,6.250,6.953,6.917,6.302,5.317,4.421,0.158,0.895,1.055,1.193,1.333,1.298,1.088,0.772,0.772,52.761
481,dubia,grundsjoen,2012,vertebrate,16.175,9.179,1.393,2.869,4.606,6.163,6.721,6.688,6.213,5.294,4.311,0.164,0.967,1.066,1.229,1.246,1.213,0.967,0.885,0.738,51.386
482,dubia,grundsjoen,2012,vertebrate,15.814,8.994,1.320,2.663,4.395,5.843,6.370,6.271,5.769,4.841,4.111,0.188,0.969,1.069,1.232,1.271,1.195,1.006,0.818,0.754,47.105
483,dubia,grundsjoen,2012,vertebrate,15.457,8.779,NA,2.790,4.570,6.063,6.668,6.680,6.137,5.173,4.136,NA,0.834,1.000,1.124,1.247,1.198,0.938,0.865,0.815,48.735
484,dubia,grundsjoen,2012,vertebrate,15.598,8.849,1.321,2.905,4.641,6.137,6.716,6.703,6.188,5.220,4.251,0.151,1.056,1.020,1.132,1.295,1.195,0.918,0.805,0.755,49.575
485,dubia,svartsjoen,2012,invertebrate,17.255,10.207,1.340,2.905,4.622,6.169,6.791,6.679,6.340,5.434,4.396,0.113,0.773,1.038,1.302,1.471,1.359,1.264,1.151,0.981,56.557
486,dubia,svartsjoen,2012,invertebrate,17.693,10.810,1.572,3.036,4.789,6.399,6.913,6.853,6.403,5.557,4.558,0.192,1.012,1.250,1.484,1.425,1.442,1.250,1.096,0.904,60.399
487,dubia,svartsjoen,2012,invertebrate,17.458,10.121,1.442,2.868,4.483,5.961,6.519,6.537,6.114,5.269,4.403,0.250,0.961,1.115,1.288,1.346,1.327,1.115,1.038,0.904,54.292
488,dubia,svartsjoen,2012,invertebrate,18.439,10.591,1.568,3.094,4.903,6.491,7.076,7.116,6.626,5.663,4.678,0.207,0.965,1.210,1.437,1.456,1.397,1.153,1.040,0.982,61.986
489,dubia,svartsjoen,2012,invertebrate,17.523,10.369,1.534,3.025,4.783,6.401,6.936,6.879,6.378,5.396,4.475,0.204,0.901,1.124,1.376,1.437,1.435,1.212,1.128,0.857,59.017
490,dubia,svartsjoen,2012,invertebrate,17.445,10.147,1.496,2.998,4.742,6.241,6.834,6.861,6.403,5.519,4.682,0.189,0.887,1.230,1.359,1.442,1.423,1.211,1.019,0.793,57.973
491,dubia,svartsjoen,2012,invertebrate,17.068,10.118,1.341,2.949,4.761,6.250,6.750,6.685,6.198,5.291,4.439,NA,0.779,1.139,1.389,1.458,1.345,1.192,0.985,0.871,56.641
492,dubia,svartsjoen,2012,invertebrate,17.917,10.481,1.500,3.001,4.875,6.625,7.209,7.147,6.584,5.626,4.542,0.230,1.063,1.210,1.292,1.417,1.376,1.104,1.042,0.896,62.091
493,dubia,svartsjoen,2012,invertebrate,17.239,10.112,1.434,3.002,4.589,6.175,6.746,6.750,6.284,5.413,4.480,0.208,0.868,1.170,1.321,1.436,1.416,1.151,0.906,0.869,55.495
494,dubia,svartsjoen,2012,invertebrate,16.576,9.347,1.371,2.842,4.592,6.137,6.727,6.704,6.221,5.362,4.360,0.167,0.932,1.093,1.206,1.336,1.226,1.021,0.872,0.852,51.855
495,dubia,svartsjoen,2012,invertebrate,17.573,10.334,1.417,2.995,4.918,6.655,7.244,7.181,6.535,5.601,4.636,0.189,1.049,1.114,1.261,1.443,1.339,1.188,0.979,0.855,61.054
496,dubia,svartsjoen,2012,invertebrate,17.032,9.890,1.442,2.900,4.675,6.290,6.848,6.849,6.337,5.392,4.363,0.179,1.090,1.125,1.357,1.500,1.303,1.071,0.946,0.839,57.854
497,dubia,svartsjoen,2012,invertebrate,16.989,10.396,1.339,2.765,4.455,5.752,6.305,6.290,5.806,5.001,4.110,0.241,0.929,1.190,1.465,1.355,1.336,1.264,1.074,0.908,53.109
498,dubia,svartsjoen,2012,invertebrate,17.288,10.013,1.419,2.901,4.562,6.072,6.656,6.601,6.153,5.374,4.489,0.194,0.777,1.079,1.486,1.489,1.365,1.117,1.022,0.858,55.263
499,dubia,svartsjoen,2012,invertebrate,17.213,9.740,1.498,2.868,4.522,5.861,6.380,6.358,5.943,5.059,4.137,0.307,0.978,1.055,1.285,1.342,1.152,0.979,1.037,0.864,51.232
500,dubia,svartsjoen,2012,invertebrate,17.826,10.474,1.492,2.965,4.754,6.262,6.912,6.931,6.407,5.477,4.654,0.229,0.965,1.298,1.509,1.439,1.210,1.070,1.018,0.807,58.391
501,dubia,svartsjoen,2012,invertebrate,18.577,11.389,1.492,2.970,4.794,6.255,6.766,6.799,6.396,5.513,4.444,0.194,0.965,1.248,1.475,1.544,1.440,1.299,1.140,0.935,63.014
502,dubia,svartsjoen,2012,invertebrate,16.622,10.101,1.451,2.915,4.575,6.025,6.653,6.668,6.261,5.298,4.359,0.176,0.811,1.085,1.229,1.425,1.320,1.268,1.177,0.928,54.556
503,dubia,svartsjoen,2012,invertebrate,16.101,9.127,1.335,2.880,4.601,6.067,6.665,6.556,6.104,5.264,4.425,0.120,0.856,1.079,1.173,1.322,1.280,1.079,0.946,0.746,50.116
504,dubia,svartsjoen,2012,invertebrate,17.578,10.052,1.372,3.017,4.727,6.234,6.819,6.778,6.261,5.338,4.429,0.163,0.706,1.181,1.426,1.426,1.440,1.222,1.032,0.897,56.182
505,dubia,wei§esmoor,2013,invertebrate,17.376,10.508,1.548,2.877,4.775,6.184,6.714,6.576,6.125,5.169,4.227,0.274,1.253,1.234,1.389,1.448,1.253,1.135,1.037,0.842,57.051
506,dubia,wei§esmoor,2013,invertebrate,16.882,10.108,1.378,2.816,4.500,5.896,6.317,6.183,5.838,4.824,3.964,0.173,1.168,1.283,1.359,1.397,1.244,1.093,0.996,0.804,51.580
507,dubia,wei§esmoor,2013,invertebrate,17.926,10.661,1.368,2.674,4.508,5.913,6.284,6.206,5.739,4.900,4.083,0.176,1.191,1.191,1.406,1.425,1.366,1.230,1.073,0.859,55.424
508,dubia,wei§esmoor,2013,invertebrate,17.506,10.550,1.513,2.861,4.700,6.109,6.715,6.753,6.225,5.209,4.269,0.294,1.214,1.253,1.370,1.351,1.253,1.078,1.077,0.824,57.775
509,dubia,wei§esmoor,2013,invertebrate,16.378,9.961,1.475,2.740,4.483,5.786,6.342,6.227,5.728,4.885,3.909,0.307,1.092,1.207,1.266,1.303,1.208,1.015,0.939,0.785,50.507
510,dubia,wei§esmoor,2013,invertebrate,17.309,10.376,1.424,2.751,4.639,6.102,6.758,6.660,6.101,5.104,4.103,0.250,1.259,1.179,1.270,1.347,1.269,1.115,1.038,0.885,56.247